# img_repk map — generated by tools/build_media_maps.js
# parts=57 totalSize=536236444 files=3367
# format: path|method(0=store,8=deflate)|csize|usize|lhOff|dataOff|dataEnd|partFirst-partLast
# all offsets are logical byte positions in the concatenated part sequence
#PART 0 0 9437184 img_repk.zip.part01
#PART 1 9437184 9437184 img_repk.zip.part02
#PART 2 18874368 9437184 img_repk.zip.part03
#PART 3 28311552 9437184 img_repk.zip.part04
#PART 4 37748736 9437184 img_repk.zip.part05
#PART 5 47185920 9437184 img_repk.zip.part06
#PART 6 56623104 9437184 img_repk.zip.part07
#PART 7 66060288 9437184 img_repk.zip.part08
#PART 8 75497472 9437184 img_repk.zip.part09
#PART 9 84934656 9437184 img_repk.zip.part10
#PART 10 94371840 9437184 img_repk.zip.part11
#PART 11 103809024 9437184 img_repk.zip.part12
#PART 12 113246208 9437184 img_repk.zip.part13
#PART 13 122683392 9437184 img_repk.zip.part14
#PART 14 132120576 9437184 img_repk.zip.part15
#PART 15 141557760 9437184 img_repk.zip.part16
#PART 16 150994944 9437184 img_repk.zip.part17
#PART 17 160432128 9437184 img_repk.zip.part18
#PART 18 169869312 9437184 img_repk.zip.part19
#PART 19 179306496 9437184 img_repk.zip.part20
#PART 20 188743680 9437184 img_repk.zip.part21
#PART 21 198180864 9437184 img_repk.zip.part22
#PART 22 207618048 9437184 img_repk.zip.part23
#PART 23 217055232 9437184 img_repk.zip.part24
#PART 24 226492416 9437184 img_repk.zip.part25
#PART 25 235929600 9437184 img_repk.zip.part26
#PART 26 245366784 9437184 img_repk.zip.part27
#PART 27 254803968 9437184 img_repk.zip.part28
#PART 28 264241152 9437184 img_repk.zip.part29
#PART 29 273678336 9437184 img_repk.zip.part30
#PART 30 283115520 9437184 img_repk.zip.part31
#PART 31 292552704 9437184 img_repk.zip.part32
#PART 32 301989888 9437184 img_repk.zip.part33
#PART 33 311427072 9437184 img_repk.zip.part34
#PART 34 320864256 9437184 img_repk.zip.part35
#PART 35 330301440 9437184 img_repk.zip.part36
#PART 36 339738624 9437184 img_repk.zip.part37
#PART 37 349175808 9437184 img_repk.zip.part38
#PART 38 358612992 9437184 img_repk.zip.part39
#PART 39 368050176 9437184 img_repk.zip.part40
#PART 40 377487360 9437184 img_repk.zip.part41
#PART 41 386924544 9437184 img_repk.zip.part42
#PART 42 396361728 9437184 img_repk.zip.part43
#PART 43 405798912 9437184 img_repk.zip.part44
#PART 44 415236096 9437184 img_repk.zip.part45
#PART 45 424673280 9437184 img_repk.zip.part46
#PART 46 434110464 9437184 img_repk.zip.part47
#PART 47 443547648 9437184 img_repk.zip.part48
#PART 48 452984832 9437184 img_repk.zip.part49
#PART 49 462422016 9437184 img_repk.zip.part50
#PART 50 471859200 9437184 img_repk.zip.part51
#PART 51 481296384 9437184 img_repk.zip.part52
#PART 52 490733568 9437184 img_repk.zip.part53
#PART 53 500170752 9437184 img_repk.zip.part54
#PART 54 509607936 9437184 img_repk.zip.part55
#PART 55 519045120 9437184 img_repk.zip.part56
#PART 56 528482304 7754140 img_repk.zip.part57
img/animations/0_face_transition.png|0|1916|1916|0|66|1982|0-0
img/animations/angry_lvl_1.png|0|10189|10189|1982|2042|12231|0-0
img/animations/angry_lvl_2.png|0|13203|13203|12231|12291|25494|0-0
img/animations/aubrey_attack.png|0|20265|20265|25494|25556|45821|0-0
img/animations/aubrey_omori_acs.png|0|52554|52554|45821|45886|98440|0-0
img/animations/a_acs_h.png|0|49011|49011|98440|98496|147507|0-0
img/animations/a_acs_k.png|0|62021|62021|147507|147563|209584|0-0
img/animations/a_acs_o.png|0|71778|71778|209584|209640|281418|0-0
img/animations/a_attack.png|0|55588|55588|281418|281475|337063|0-0
img/animations/a_basic_attack_big.png|0|75976|75976|337063|337130|413106|0-0
img/animations/a_headbutt_edit.png|0|89871|89871|413106|413170|503041|0-0
img/animations/a_homerun.png|0|18924|18924|503041|503099|522023|0-0
img/animations/a_last_resort.png|0|21503|21503|522023|522085|543588|0-0
img/animations/a_last_resort_alt.png|0|187129|187129|543588|543654|730783|0-0
img/animations/a_peptalk.png|0|327620|327620|730783|730841|1058461|0-0
img/animations/a_power_hit_crack.png|0|27238|27238|1058461|1058527|1085765|0-0
img/animations/a_power_hit_crack_color.png|0|26170|26170|1085765|1085837|1112007|0-0
img/animations/a_spin.png|0|69242|69242|1112007|1112062|1181304|0-0
img/animations/a_taunt.png|0|77292|77292|1181304|1181360|1258652|0-0
img/animations/a_too_acs_3_2.png|0|71183|71183|1258652|1258714|1329897|0-0
img/animations/a_to_o_acs_3.png|0|60149|60149|1329897|1329958|1390107|0-0
img/animations/basic_attack.png|0|13181|13181|1390107|1390168|1403349|0-0
img/animations/bread.png|0|5772|5772|1403349|1403403|1409175|0-0
img/animations/b_cheer.png|0|383862|383862|1409175|1409231|1793093|0-0
img/animations/b_snack_time.png|0|45559|45559|1793093|1793154|1838713|0-0
img/animations/capsuletoy.png|0|223905|223905|1838713|1838772|2062677|0-0
img/animations/effects_sparkles.png|0|12894|12894|2062677|2062742|2075636|0-0
img/animations/emotional_control.png|0|5281|5281|2075636|2075702|2080983|0-0
img/animations/e_abduct.png|0|52061|52061|2080983|2081040|2133101|0-0
img/animations/e_angstysong.png|0|7306|7306|2133101|2133162|2140468|0-0
img/animations/e_attacksoft.png|0|16820|16820|2140468|2140529|2157349|0-0
img/animations/e_attacksolid.png|0|13414|13414|2157349|2157411|2170825|0-0
img/animations/e_attacksolid_fa.png|0|12983|12983|2170825|2170890|2183873|0-0
img/animations/e_attacktechno.png|0|2789|2789|2183873|2183936|2186725|0-0
img/animations/e_attack_basil.png|0|7815|7815|2186725|2186788|2194603|0-0
img/animations/e_attack_big.png|0|17226|17226|2194603|2194664|2211890|0-0
img/animations/e_attack_big_alt.png|0|33387|33387|2211890|2211955|2245342|0-0
img/animations/e_attack_bread.png|0|37173|37173|2245342|2245405|2282578|0-0
img/animations/e_attack_cross_chop.png|0|40880|40880|2282578|2282646|2323526|0-0
img/animations/e_attack_goop.png|0|31990|31990|2323526|2323588|2355578|0-0
img/animations/e_attack_goop_2.png|0|23797|23797|2355578|2355642|2379439|0-0
img/animations/e_attack_hooligans.png|0|90834|90834|2379439|2379506|2470340|0-0
img/animations/e_attack_marina.png|0|12211|12211|2470340|2470404|2482615|0-0
img/animations/e_attack_medusa.png|0|14974|14974|2482615|2482679|2497653|0-0
img/animations/e_attack_molly.png|0|17029|17029|2497653|2497716|2514745|0-0
img/animations/e_attack_moon.png|0|79819|79819|2514745|2514807|2594626|0-0
img/animations/e_attack_plant.png|0|18389|18389|2594626|2594689|2613078|0-0
img/animations/e_attack_punch.png|0|18006|18006|2613078|2613141|2631147|0-0
img/animations/e_attack_punch_kick.png|0|33811|33811|2631147|2631215|2665026|0-0
img/animations/e_attack_recyclist.png|0|13385|13385|2665026|2665093|2678478|0-0
img/animations/e_attack_scratch.png|0|8818|8818|2678478|2678543|2687361|0-0
img/animations/e_attack_something.png|0|17392|17392|2687361|2687428|2704820|0-0
img/animations/e_attack_something_omori.png|0|17367|17367|2704820|2704893|2722260|0-0
img/animations/e_attack_spark_dynamite.png|0|18596|18596|2722260|2722332|2740928|0-0
img/animations/e_attack_sweetheart.png|0|13104|13104|2740928|2740996|2754100|0-0
img/animations/e_basil_something_attack_big.png|0|39782|39782|2754100|2754177|2793959|0-0
img/animations/e_basil_something_attack_small.png|0|2581|2581|2793959|2794038|2796619|0-0
img/animations/e_bear_hug.png|0|163725|163725|2796619|2796678|2960403|0-0
img/animations/e_becute.png|0|6089|6089|2960403|2960460|2966549|0-0
img/animations/e_bed.png|0|32657|32657|2966549|2966603|2999260|0-0
img/animations/e_bitesmall.png|0|17775|17775|2999260|2999320|3017095|0-0
img/animations/e_blastmusic.png|0|211544|211544|3017095|3017156|3228700|0-0
img/animations/e_blast_music_angry.png|0|142956|142956|3228700|3228768|3371724|0-0
img/animations/e_blast_music_happy.png|0|97667|97667|3371724|3371792|3469459|0-0
img/animations/e_blast_music_sad.png|0|136121|136121|3469459|3469525|3605646|0-0
img/animations/e_brag.png|0|33333|33333|3605646|3605701|3639034|0-0
img/animations/e_bullethell.png|0|16363|16363|3639034|3639095|3655458|0-0
img/animations/e_bullet_hell_cookies.png|0|20365|20365|3655458|3655528|3675893|0-0
img/animations/e_callforfriend.png|0|7068|7068|3675893|3675957|3683025|0-0
img/animations/e_call_for_friend_phone.png|0|6575|6575|3683025|3683097|3689672|0-0
img/animations/e_calm_down.png|0|12972|12972|3689672|3689732|3702704|0-0
img/animations/e_cruel.png|0|250012|250012|3702704|3702760|3952772|0-0
img/animations/e_download.png|0|12569|12569|3952772|3952831|3965400|0-0
img/animations/e_drag_down.png|0|14299|14299|3965400|3965460|3979759|0-0
img/animations/e_earth_roll.png|0|1090106|1090106|3979759|3979820|5069926|0-0
img/animations/e_earth_slam.png|0|403928|403928|5069926|5069987|5473915|0-0
img/animations/e_engulf_omori_something.png|0|183077|183077|5473915|5473988|5657065|0-0
img/animations/e_engulf_snow.png|0|62592|62592|5657065|5657127|5719719|0-0
img/animations/e_expand.png|0|537300|537300|5719719|5719776|6257076|0-0
img/animations/e_fire.png|0|43281|43281|6257076|6257131|6300412|0-0
img/animations/e_fly.png|0|202074|202074|6300412|6300466|6502540|0-0
img/animations/e_grab.png|0|18854|18854|6502540|6502595|6521449|0-0
img/animations/e_hand_chop.png|0|13268|13268|6521449|6521509|6534777|0-0
img/animations/e_healheart.png|0|13716|13716|6534777|6534837|6548553|0-0
img/animations/e_healjuice.png|0|14140|14140|6548553|6548613|6562753|0-0
img/animations/e_hide.png|0|116179|116179|6562753|6562808|6678987|0-0
img/animations/e_humphrey.png|0|11534|11534|6678987|6679046|6690580|0-0
img/animations/e_jet_pack.png|0|195329|195329|6690580|6690639|6885968|0-0
img/animations/e_kim_headbutt.png|0|33348|33348|6885968|6886031|6919379|0-0
img/animations/e_laser.png|0|10588|10588|6919379|6919435|6930023|0-0
img/animations/e_laserbig.png|0|20192|20192|6930023|6930082|6950274|0-0
img/animations/e_laserorange.png|0|7056|7056|6950274|6950336|6957392|0-0
img/animations/e_lift.png|0|93791|93791|6957392|6957447|7051238|0-0
img/animations/e_mystery_medicine.png|0|17191|17191|7051238|7051305|7068496|0-0
img/animations/e_pierce_heart.png|0|10487|10487|7068496|7068559|7079046|0-0
img/animations/e_poke.png|0|12443|12443|7079046|7079101|7091544|0-0
img/animations/e_pop.png|0|65325|65325|7091544|7091598|7156923|0-0
img/animations/e_protect_the_earth.png|0|602943|602943|7156923|7156991|7759934|0-0
img/animations/e_red_hands_attack.png|0|41085|41085|7759934|7760001|7801086|0-0
img/animations/e_repair.png|0|101745|101745|7801086|7801143|7902888|0-0
img/animations/e_roar.png|0|8063|8063|7902888|7902943|7911006|0-0
img/animations/e_roar_alt.png|0|18450|18450|7911006|7911065|7929515|0-0
img/animations/e_sad_eyes.png|0|7965|7965|7929515|7929574|7937539|0-0
img/animations/e_scare.png|0|38959|38959|7937539|7937595|7976554|0-0
img/animations/e_scatter.png|0|51468|51468|7976554|7976612|8028080|0-0
img/animations/e_sharp_insult.png|0|70128|70128|8028080|8028143|8098271|0-0
img/animations/e_sharp_insult_alt.png|0|31352|31352|8098271|8098338|8129690|0-0
img/animations/e_small_trip.png|0|12161|12161|8129690|8129751|8141912|0-0
img/animations/e_snowstorm.png|0|16225|16225|8141912|8141972|8158197|0-0
img/animations/e_something_extra.png|0|10309|10309|8158197|8158263|8168572|0-0
img/animations/e_spider_webs.png|0|162324|162324|8168572|8168634|8330958|0-0
img/animations/e_spider_webs_small.png|0|11199|11199|8330958|8331026|8342225|0-0
img/animations/e_spiritbomb.png|0|66733|66733|8342225|8342286|8409019|0-0
img/animations/e_sproutmole_running.png|0|60167|60167|8409019|8409088|8469255|0-0
img/animations/e_squid_ward.png|0|58694|58694|8469255|8469316|8528010|0-0
img/animations/e_statdown.png|0|71045|71045|8528010|8528069|8599114|0-0
img/animations/e_statup.png|0|83693|83693|8599114|8599171|8682864|0-0
img/animations/e_sting_ray.png|0|32663|32663|8682864|8682924|8715587|0-0
img/animations/e_strange_beam.png|0|32304|32304|8715587|8715650|8747954|0-0
img/animations/e_summon_spider.png|0|16793|16793|8747954|8748018|8764811|0-0
img/animations/e_swing_mace.png|0|46122|46122|8764811|8764872|8810994|0-0
img/animations/e_tangle.png|0|33868|33868|8810994|8811051|8844919|0-0
img/animations/e_throw_potion.png|0|46848|46848|8844919|8844982|8891830|0-0
img/animations/e_throw_potion_alt.png|0|50508|50508|8891830|8891897|8942405|0-0
img/animations/e_throw_trash.png|0|33214|33214|8942405|8942467|8975681|0-0
img/animations/e_vapors.png|0|127680|127680|8975681|8975738|9103418|0-0
img/animations/e_vapors_slime_girls.png|0|269376|269376|9103418|9103487|9372863|0-0
img/animations/fa_a_attack.png|0|60628|60628|9372863|9372923|9433551|0-0
img/animations/fa_h_attack copy.png|0|23399|23399|9433551|9433616|9457015|0-1
img/animations/fa_h_attack_copy.png|0|23399|23399|9457015|9457080|9480479|1-1
img/animations/fa_kel_attack.png|0|24251|24251|9480479|9480541|9504792|1-1
img/animations/fa_player_attack.png|0|16050|16050|9504792|9504857|9520907|1-1
img/animations/flex.png|0|32753|32753|9520907|9520960|9553713|1-1
img/animations/flex.psd.png|0|131814|131814|9553713|9553770|9685584|1-1
img/animations/flex_psd.png|0|131814|131814|9685584|9685641|9817455|1-1
img/animations/gator_aid.png|0|114079|114079|9817455|9817513|9931592|1-1
img/animations/hack_away.png|0|66077|66077|9931592|9931650|9997727|1-1
img/animations/happy_lvl_1.png|0|9784|9784|9997727|9997787|10007571|1-1
img/animations/happy_lvl_2.png|0|4925|4925|10007571|10007631|10012556|1-1
img/animations/heavy_slash.png|0|17801|17801|10012556|10012616|10030417|1-1
img/animations/hero_smile.png|0|7443|7443|10030417|10030476|10037919|1-1
img/animations/hey.png|0|16444|16444|10037919|10037971|10054415|1-1
img/animations/hit1.png|0|31750|31750|10054415|10054468|10086218|1-1
img/animations/h_acs_a.png|0|83395|83395|10086218|10086274|10169669|1-1
img/animations/h_acs_k.png|0|70696|70696|10169669|10169725|10240421|1-1
img/animations/h_acs_o.png|0|29116|29116|10240421|10240477|10269593|1-1
img/animations/h_attack.png|0|22471|22471|10269593|10269650|10292121|1-1
img/animations/h_gator_aid.png|0|331230|331230|10292121|10292181|10623411|1-1
img/animations/h_hero_smile.png|0|11177|11177|10623411|10623472|10634649|1-1
img/animations/h_massage.png|0|19664|19664|10634649|10634707|10654371|1-1
img/animations/h_smile.png|0|12403|12403|10654371|10654427|10666830|1-1
img/animations/h_snack_time.png|0|40870|40870|10666830|10666891|10707761|1-1
img/animations/h_sparkles.png|0|12466|12466|10707761|10707820|10720286|1-1
img/animations/h_tea_time.png|0|16769|16769|10720286|10720345|10737114|1-1
img/animations/kel_attack.png|0|24500|24500|10737114|10737173|10761673|1-1
img/animations/kel_comeback.png|0|22186|22186|10761673|10761734|10783920|1-1
img/animations/kel_hero_acs.png|0|59628|59628|10783920|10783981|10843609|1-1
img/animations/kel_omori_acs.png|0|32554|32554|10843609|10843671|10876225|1-1
img/animations/k_acs_a.png|0|199870|199870|10876225|10876281|11076151|1-1
img/animations/k_acs_h.png|0|84081|84081|11076151|11076207|11160288|1-1
img/animations/k_acs_o.png|0|39412|39412|11160288|11160344|11199756|1-1
img/animations/k_annoy.png|0|85149|85149|11199756|11199812|11284961|1-1
img/animations/k_attack.png|0|46584|46584|11284961|11285018|11331602|1-1
img/animations/k_basic_attack_big.png|0|96745|96745|11331602|11331669|11428414|1-1
img/animations/k_flex.png|0|132422|132422|11428414|11428469|11560891|1-1
img/animations/k_party_blower.png|0|4548|4548|11560891|11560954|11565502|1-1
img/animations/k_party_hat.png|0|5209|5209|11565502|11565562|11570771|1-1
img/animations/k_pass_to_aubrey_3.png|0|254708|254708|11570771|11570838|11825546|1-1
img/animations/k_pass_to_aubrey_3_damage.png|0|159223|159223|11825546|11825620|11984843|1-1
img/animations/k_pass_to_hero_3.png|0|844636|844636|11984843|11984908|12829544|1-1
img/animations/k_pass_to_omori_3.png|0|58627|58627|12829544|12829610|12888237|1-1
img/animations/k_rebound.png|0|112772|112772|12888237|12888295|13001067|1-1
img/animations/k_riccochet_big.png|0|214787|214787|13001067|13001131|13215918|1-1
img/animations/k_run_n_gun.png|0|18266|18266|13215918|13215978|13234244|1-1
img/animations/k_small_ally_oop.png|0|49000|49000|13234244|13234309|13283309|1-1
img/animations/k_snowball.png|0|34795|34795|13283309|13283368|13318163|1-1
img/animations/k_tickle.png|0|25826|25826|13318163|13318220|13344046|1-1
img/animations/k_to_a_acs_attacks.png|0|64703|64703|13344046|13344113|13408816|1-1
img/animations/mapnom.png|0|24606|24606|13408816|13408871|13433477|1-1
img/animations/map_aubrey_break.png|0|7517|7517|13433477|13433542|13441059|1-1
img/animations/map_pluto_liftoff.png|0|5852|5852|13441059|13441125|13446977|1-1
img/animations/map_pluto_liftoff_pt.png|0|6807|6807|13446977|13447046|13453853|1-1
img/animations/map_sglexplosion.png|0|1085|1085|13453853|13453918|13455003|1-1
img/animations/newbubble_test.png|0|32372|32372|13455003|13455066|13487438|1-1
img/animations/observe_sheet.png|0|41640|41640|13487438|13487500|13529140|1-1
img/animations/oh_yeah.png|0|40668|40668|13529140|13529196|13569864|1-1
img/animations/o_acs_releaseenergy_fireworks.png|0|212502|212502|13569864|13569942|13782444|1-1
img/animations/o_acs_releaseenergy_hands.png|0|402610|402610|13782444|13782518|14185128|1-1
img/animations/o_acs_trip.png|0|6161|6161|14185128|14185187|14191348|1-1
img/animations/o_allegro.png|0|12949|12949|14191348|14191406|14204355|1-1
img/animations/o_attack.png|0|7387|7387|14204355|14204412|14211799|1-1
img/animations/o_attack_again_big.png|0|20039|20039|14211799|14211866|14231905|1-1
img/animations/o_bread.png|0|6509|6509|14231905|14231961|14238470|1-1
img/animations/o_bread_alt.png|0|9955|9955|14238470|14238530|14248485|1-1
img/animations/o_extra_attack_final_strike.png|0|13729|13729|14248485|14248561|14262290|1-1
img/animations/o_facesets.png|0|136097|136097|14262290|14262349|14398446|1-1
img/animations/o_facesets_2.png|0|125956|125956|14398446|14398507|14524463|1-1
img/animations/o_final_attack.png|0|832425|832425|14524463|14524526|15356951|1-1
img/animations/o_final_strike.png|0|42612|42612|15356951|15357014|15399626|1-1
img/animations/o_final_strike_extra.png|0|91625|91625|15399626|15399695|15491320|1-1
img/animations/o_finger_pointing.png|0|26115|26115|15491320|15491386|15517501|1-1
img/animations/o_hackaway.png|0|19036|19036|15517501|15517560|15536596|1-1
img/animations/o_hair_attack.png|0|24642|24642|15536596|15536658|15561300|1-1
img/animations/o_mannequin_mari.png|0|22699|22699|15561300|15561365|15584064|1-1
img/animations/o_mock.png|0|20621|20621|15584064|15584119|15604740|1-1
img/animations/o_observe.png|0|30612|30612|15604740|15604798|15635410|1-1
img/animations/o_question_hit_spark.png|0|25795|25795|15635410|15635479|15661274|1-1
img/animations/o_quick_attack.png|0|11302|11302|15661274|15661337|15672639|1-1
img/animations/o_real_red_hands.png|0|11511|11511|15672639|15672704|15684215|1-1
img/animations/o_release_energy_alt.png|0|135258|135258|15684215|15684284|15819542|1-1
img/animations/o_release_energy_fireworks.png|0|26874|26874|15819542|15819617|15846491|1-1
img/animations/o_sad_story.png|0|6993|6993|15846491|15846551|15853544|1-1
img/animations/o_shun.png|0|8444|8444|15853544|15853599|15862043|1-1
img/animations/o_stab.png|0|7720|7720|15862043|15862098|15869818|1-1
img/animations/o_trick.png|0|70701|70701|15869818|15869874|15940575|1-1
img/animations/o_trip_big.png|0|20356|20356|15940575|15940634|15960990|1-1
img/animations/o_violin_bow_slash.png|0|5023|5023|15960990|15961057|15966080|1-1
img/animations/painful_truth.png|0|42492|42492|15966080|15966142|16008634|1-1
img/animations/pep_talk.png|0|100683|100683|16008634|16008691|16109374|1-1
img/animations/pillar_or_light.png|0|41687|41687|16109374|16109438|16151125|1-1
img/animations/puffs.png|0|7967|7967|16151125|16151179|16159146|1-1
img/animations/rebound.png|0|21703|21703|16159146|16159202|16180905|1-1
img/animations/sad_eyes.png|0|20594|20594|16180905|16180962|16201556|1-1
img/animations/sad_lvl_1.png|0|31757|31757|16201556|16201614|16233371|1-1
img/animations/sad_lvl_2.png|0|112594|112594|16233371|16233429|16346023|1-1
img/animations/sigh.png|0|41654|41654|16346023|16346076|16387730|1-1
img/animations/slash.png|0|18784|18784|16387730|16387784|16406568|1-1
img/animations/snack.png|0|38942|38942|16406568|16406622|16445564|1-1
img/animations/sparkle.png|0|9540|9540|16445564|16445620|16455160|1-1
img/animations/sparkles.png|0|9901|9901|16455160|16455217|16465118|1-1
img/animations/speech_1.png|0|109116|109116|16465118|16465175|16574291|1-1
img/animations/speech_2.png|0|24667|24667|16574291|16574348|16599015|1-1
img/animations/speech_3.png|0|106219|106219|16599015|16599072|16705291|1-1
img/animations/speech_4.png|0|101821|101821|16705291|16705348|16807169|1-1
img/animations/speech_5.png|0|68815|68815|16807169|16807226|16876041|1-1
img/animations/spicy_food.png|0|34342|34342|16876041|16876100|16910442|1-1
img/animations/spider_bite_scratch.png|0|12342|12342|16910442|16910510|16922852|1-1
img/animations/spider_bite_scratch_no_color.png|0|10708|10708|16922852|16922929|16933637|1-1
img/animations/star1.png|0|2041|2041|16933637|16933691|16935732|1-1
img/animations/star2.png|0|3533|3533|16935732|16935786|16939319|1-1
img/animations/star3.png|0|5218|5218|16939319|16939373|16944591|1-1
img/animations/star4.png|0|7003|7003|16944591|16944645|16951648|1-1
img/animations/star5.png|0|8506|8506|16951648|16951702|16960208|1-1
img/animations/tag_blockexplosion.png|0|1126|1126|16960208|16960275|16961401|1-1
img/animations/tag_dustexplosion.png|0|3264|3264|16961401|16961467|16964731|1-1
img/animations/team_spirit.png|0|16151|16151|16964731|16964791|16980942|1-1
img/animations/tease.png|0|23774|23774|16980942|16980996|17004770|1-1
img/animations/t_come_on_catch_up.png|0|44982|44982|17004770|17004837|17049819|1-1
img/animations/t_dont_let_your_gaurd_down.png|0|40011|40011|17049819|17049894|17089905|1-1
img/animations/t_ill_do_my_best.png|0|35286|35286|17089905|17089970|17125256|1-1
img/animations/t_ill_show_you.png|0|30885|30885|17125256|17125319|17156204|1-1
img/animations/t_im_the_one_doing_all_the_work.png|0|68791|68791|17156204|17156284|17225075|1-1
img/animations/t_its_tea_time.png|0|29611|29611|17225075|17225138|17254749|1-1
img/animations/t_i_got_your_back.png|0|23611|23611|17254749|17254815|17278426|1-1
img/animations/t_keep_it_up.png|0|36495|36495|17278426|17278487|17314982|1-1
img/animations/t_munch.png|0|28924|28924|17314982|17315038|17343962|1-1
img/animations/t_think_fast.png|0|37712|37712|17343962|17344023|17381735|1-1
img/animations/t_you_can_do_better_than_that.png|0|40459|40459|17381735|17381813|17422272|1-1
img/animations/u_dynamite.png|0|171686|171686|17422272|17422331|17594017|1-1
img/animations/u_firstaid.png|0|14145|14145|17594017|17594076|17608221|1-1
img/animations/u_healheart.png|0|9952|9952|17608221|17608281|17618233|1-1
img/animations/u_healjuice.png|0|9272|9272|17618233|17618293|17627565|1-1
img/animations/u_lifejam.png|0|58195|58195|17627565|17627623|17685818|1-1
img/animations/u_protect.png|0|6397|6397|17685818|17685876|17692273|1-1
img/animations/u_statdown.png|0|25082|25082|17692273|17692332|17717414|1-1
img/animations/u_statup.png|0|23876|23876|17717414|17717471|17741347|1-1
img/animations/[map]-explosion.png|0|10030|10030|17741347|17741411|17751441|1-1
img/animations/[map]-sglexplosion.png|0|1085|1085|17751441|17751508|17752593|1-1
img/animations/[map]bs-spiders.png|0|777|777|17752593|17752657|17753434|1-1
img/animations/_map_bs_spiders.png|0|777|777|17753434|17753498|17754275|1-1
img/animations/_map__explosion.png|0|10030|10030|17754275|17754339|17764369|1-1
img/animations/_map__sglexplosion.png|0|1085|1085|17764369|17764436|17765521|1-1
img/atlas/battleATLAS.png|0|91546|91546|17765521|17765576|17857122|1-1
img/atlas/Faraway_AlbumPictureBack_key.png|0|31906|31906|17857122|17857194|17889100|1-1
img/atlas/TAGATLAS.png|0|906616|906616|17889100|17889152|18795768|1-1
img/atlas/TAGATLAS_FA.png|0|845558|845558|18795768|18795823|19641381|1-2
img/atlases/albumpicture_backatlas.png|0|70670|70670|19641381|19641449|19712119|2-2
img/atlases/atlas/battleatlas.json|0|2734|2734|19712119|19712183|19714917|2-2
img/atlases/atlas/battleatlas.png|0|102744|102744|19714917|19714980|19817724|2-2
img/atlases/atlas/battleatlas.tps|0|29436|29436|19817724|19817787|19847223|2-2
img/atlases/atlas/battleatlas.yaml|0|1980|1980|19847223|19847287|19849267|2-2
img/atlases/atlas/battleatlas_new.json|0|2939|2939|19849267|19849335|19852274|2-2
img/atlases/atlas/battleatlas_new.png|0|159462|159462|19852274|19852341|20011803|2-2
img/atlases/atlas1.png|0|3711|3711|20011803|20011855|20015566|2-2
img/atlases/backup/battleatlas.json|0|2965|2965|20015566|20015631|20018596|2-2
img/atlases/backup/battleatlas.png|0|103694|103694|20018596|20018660|20122354|2-2
img/atlases/battleatlas.json|0|2734|2734|20122354|20122412|20125146|2-2
img/atlases/battleatlas.png|0|87003|87003|20125146|20125203|20212206|2-2
img/atlases/battleatlas.yaml|0|2154|2154|20212206|20212264|20214418|2-2
img/atlases/battle_omori_intro.png|0|83585|83585|20214418|20214482|20298067|2-2
img/atlases/blackletter_map_50_atlas.png|0|53920|53920|20298067|20298137|20352057|2-2
img/atlases/blackletter_map_atlas.png|0|69591|69591|20352057|20352124|20421715|2-2
img/atlases/blackspaceatlas_01.png|0|264191|264191|20421715|20421779|20685970|2-2
img/atlases/blackspaceatlas_02.png|0|316345|316345|20685970|20686034|21002379|2-2
img/atlases/blackspaceatlas_pages.png|0|114365|114365|21002379|21002446|21116811|2-2
img/atlases/blackspace_polaroidatlas.png|0|62531|62531|21116811|21116881|21179412|2-2
img/atlases/dreamworldatlas_01.png|0|3088058|3088058|21179412|21179476|24267534|2-2
img/atlases/DreamworldAtlas_02.png|0|1464241|1464241|24267534|24267598|25731839|2-2
img/atlases/dreamworldatlas_pages.png|0|102515|102515|25731839|25731906|25834421|2-2
img/atlases/dreamworld_polaroidatlas.png|0|57219|57219|25834421|25834491|25891710|2-2
img/atlases/farawayatlas_01.png|0|930471|930471|25891710|25891771|26822242|2-2
img/atlases/farawayatlas_01_scribble.png|0|808451|808451|26822242|26822312|27630763|2-2
img/atlases/farawayatlas_02.png|0|924138|924138|27630763|27630824|28554962|2-3
img/atlases/farawayatlas_02_scribble.png|0|578614|578614|28554962|28555032|29133646|3-3
img/atlases/farawayatlas_03.png|0|884083|884083|29133646|29133707|30017790|3-3
img/atlases/farawayatlas_03_scribble.png|0|739987|739987|30017790|30017860|30757847|3-3
img/atlases/farawayatlas_04.png|0|952534|952534|30757847|30757908|31710442|3-3
img/atlases/farawayatlas_04_scribble.png|0|317633|317633|31710442|31710512|32028145|3-3
img/atlases/farawayatlas_memories.png|0|532466|532466|32028145|32028212|32560678|3-3
img/atlases/farawayatlas_memories_scribbles.png|0|241866|241866|32560678|32560755|32802621|3-3
img/atlases/farawayatlas_pages.png|0|444698|444698|32802621|32802685|33247383|3-3
img/atlases/faraway_albumpictureback_key.png|0|30863|30863|33247383|33247457|33278320|3-3
img/atlases/faraway_polaroidatlas.png|0|202421|202421|33278320|33278387|33480808|3-3
img/atlases/faraway_polaroidatlas_scribbles.png|0|196903|196903|33480808|33480885|33677788|3-3
img/atlases/foefactxatlas.png|0|463923|463923|33677788|33677847|34141770|3-3
img/atlases/gacha_prizes.png|0|111453|111453|34141770|34141828|34253281|3-3
img/atlases/itemcharms.json|0|12918|12918|34253281|34253338|34266256|3-3
img/atlases/itemcharms.png|0|93476|93476|34266256|34266312|34359788|3-3
img/atlases/itemcharms.yaml|0|9472|9472|34359788|34359845|34369317|3-3
img/atlases/itemconsumables.json|0|14431|14431|34369317|34369379|34383810|3-3
img/atlases/itemconsumables.png|0|139002|139002|34383810|34383871|34522873|3-3
img/atlases/itemconsumables.yaml|0|11045|11045|34522873|34522935|34533980|3-3
img/atlases/itemimportant.json|0|14429|14429|34533980|34534040|34548469|3-3
img/atlases/itemimportant.png|0|160948|160948|34548469|34548528|34709476|3-3
img/atlases/itemimportant.yaml|0|10901|10901|34709476|34709536|34720437|3-3
img/atlases/itemweapon.json|0|7378|7378|34720437|34720494|34727872|3-3
img/atlases/itemweapon.png|0|57614|57614|34727872|34727928|34785542|3-3
img/atlases/itemweapon.yaml|0|5329|5329|34785542|34785599|34790928|3-3
img/atlases/mn_blackjack.png|0|217500|217500|34790928|34790986|35008486|3-3
img/atlases/mn_invader.png|0|4683|4683|35008486|35008542|35013225|3-3
img/atlases/mn_petrocks.png|0|62360|62360|35013225|35013282|35075642|3-3
img/atlases/mn_pizzaitems.png|0|184680|184680|35075642|35075701|35260381|3-3
img/atlases/mn_slots.png|0|735236|735236|35260381|35260435|35995671|3-3
img/atlases/mn_snake.png|0|3732|3732|35995671|35995725|35999457|3-3
img/atlases/omori/atlas.yaml|0|43937|43937|35999457|35999515|36043452|3-3
img/atlases/omori/omori_titlescreen_newatlas.png|0|245249|245249|36043452|36043530|36288779|3-3
img/atlases/omori_titlescreen.png|0|333533|333533|36288779|36288842|36622375|3-3
img/atlases/photoalbumcovers.png|0|63958|63958|36622375|36622437|36686395|3-3
img/atlases/pizzasheet.png|0|369210|369210|36686395|36686451|37055661|3-3
img/atlases/sketchbookatlas.png|0|458070|458070|37055661|37055722|37513792|3-3
img/atlases/sketchbookatlas_blank.png|0|103696|103696|37513792|37513859|37617555|3-3
img/atlases/sketchbookatlas_bs.png|0|505721|505721|37617555|37617619|38123340|3-4
img/atlases/tagatlas.png|0|885104|885104|38123340|38123394|39008498|4-4
img/atlases/tagatlasold.png|0|955465|955465|39008498|39008555|39964020|4-4
img/atlases/tagatlas_bg_1.png|0|228252|228252|39964020|39964079|40192331|4-4
img/atlases/tagatlas_bg_2.png|0|266139|266139|40192331|40192390|40458529|4-4
img/atlases/tagatlas_fa.png|0|857429|857429|40458529|40458586|41316015|4-4
img/battlebacks1/!battle_omori_3.png|0|32771|32771|41316015|41316081|41348852|4-4
img/battlebacks1/battlebacks_bs_mari.png|0|2749|2749|41348852|41348922|41351671|4-4
img/battlebacks1/battlebacks_bs_mari_blur.png|0|2200|2200|41351671|41351746|41353946|4-4
img/battlebacks1/battlebacks_dd_biscuit_doughie.png|0|28883|28883|41353946|41354027|41382910|4-4
img/battlebacks1/battlebacks_dd_default.png|0|62418|62418|41382910|41382983|41445401|4-4
img/battlebacks1/battlebacks_dw_jawsum.png|0|38684|38684|41445401|41445473|41484157|4-4
img/battlebacks1/battleback_basil.png|0|98863|98863|41484157|41484224|41583087|4-4
img/battlebacks1/battleback_black_screen.png|0|133|133|41583087|41583161|41583294|4-4
img/battlebacks1/battleback_bookshelf.png|0|55097|55097|41583294|41583365|41638462|4-4
img/battlebacks1/battleback_bs_closet.png|0|45703|45703|41638462|41638533|41684236|4-4
img/battlebacks1/battleback_bs_default.png|0|30152|30152|41684236|41684308|41714460|4-4
img/battlebacks1/battleback_bs_fear_drowning_1.png|0|30808|30808|41714460|41714540|41745348|4-4
img/battlebacks1/battleback_bs_fear_drowning_2.png|0|29207|29207|41745348|41745428|41774635|4-4
img/battlebacks1/battleback_bs_fear_drowning_3.png|0|11743|11743|41774635|41774715|41786458|4-4
img/battlebacks1/battleback_bs_fear_heights.png|0|22098|22098|41786458|41786535|41808633|4-4
img/battlebacks1/battleback_bs_fear_spiders.png|0|23679|23679|41808633|41808710|41832389|4-4
img/battlebacks1/battleback_bs_lilli.png|0|26371|26371|41832389|41832459|41858830|4-4
img/battlebacks1/battleback_bs_something.png|0|42391|42391|41858830|41858904|41901295|4-4
img/battlebacks1/battleback_dw_abbi.png|0|16781|16781|41901295|41901364|41918145|4-4
img/battlebacks1/battleback_dw_abyss.png|0|23404|23404|41918145|41918215|41941619|4-4
img/battlebacks1/battleback_dw_highway.png|0|35612|35612|41941619|41941691|41977303|4-4
img/battlebacks1/battleback_dw_humphrey.png|0|59941|59941|41977303|41977376|42037317|4-4
img/battlebacks1/battleback_dw_lastresort.png|0|69916|69916|42037317|42037392|42107308|4-4
img/battlebacks1/battleback_dw_lastresort_interior.png|0|45683|45683|42107308|42107392|42153075|4-4
img/battlebacks1/battleback_dw_perfectheart.png|0|101874|101874|42153075|42153152|42255026|4-4
img/battlebacks1/battleback_dw_pluto.png|0|52247|52247|42255026|42255096|42307343|4-4
img/battlebacks1/battleback_dw_sglair.png|0|39673|39673|42307343|42307414|42347087|4-4
img/battlebacks1/battleback_dw_slimegirls.png|0|67926|67926|42347087|42347162|42415088|4-4
img/battlebacks1/battleback_excavation_1.png|0|45299|45299|42415088|42415162|42460461|4-4
img/battlebacks1/battleback_excavation_2.png|0|47775|47775|42460461|42460535|42508310|4-4
img/battlebacks1/battleback_excavation_3.png|0|43730|43730|42508310|42508384|42552114|4-4
img/battlebacks1/battleback_ff_default.png|0|17234|17234|42552114|42552186|42569420|4-4
img/battlebacks1/battleback_ff_xsh.png|0|37483|37483|42569420|42569488|42606971|4-4
img/battlebacks1/battleback_ft_church.png|0|56418|56418|42606971|42607042|42663460|4-4
img/battlebacks1/battleback_ft_fly.png|0|76520|76520|42663460|42663528|42740048|4-4
img/battlebacks1/battleback_ft_lake.png|0|108286|108286|42740048|42740117|42848403|4-4
img/battlebacks1/battleback_ft_park.png|0|71777|71777|42848403|42848472|42920249|4-4
img/battlebacks1/battleback_ft_plaza.png|0|58006|58006|42920249|42920319|42978325|4-4
img/battlebacks1/battleback_ft_recyclists.png|0|83792|83792|42978325|42978400|43062192|4-4
img/battlebacks1/battleback_ft_street.png|0|60681|60681|43062192|43062263|43122944|4-4
img/battlebacks1/battleback_guideline.png|0|338|338|43122944|43123015|43123353|4-4
img/battlebacks1/battleback_omori.png|0|43390|43390|43123353|43123420|43166810|4-4
img/battlebacks1/battleback_omori_back.png|0|135041|135041|43166810|43166882|43301923|4-4
img/battlebacks1/battleback_omori_form_3.png|0|128644|128644|43301923|43301997|43430641|4-4
img/battlebacks1/battleback_omori_form_4.png|0|125056|125056|43430641|43430715|43555771|4-4
img/battlebacks1/battleback_omori_form_5.png|0|130551|130551|43555771|43555845|43686396|4-4
img/battlebacks1/battleback_omori_form_6.png|0|130044|130044|43686396|43686470|43816514|4-4
img/battlebacks1/battleback_omori_front.png|0|115423|115423|43816514|43816587|43932010|4-4
img/battlebacks1/battleback_oo_default.png|0|22915|22915|43932010|43932082|43954997|4-4
img/battlebacks1/battleback_ow_cattail.png|0|22632|22632|43954997|43955069|43977701|4-4
img/battlebacks1/battleback_ow_download.png|0|25125|25125|43977701|43977774|44002899|4-4
img/battlebacks1/battleback_ow_junkyard.png|0|33764|33764|44002899|44002972|44036736|4-4
img/battlebacks1/battleback_ow_outskirts.png|0|20794|20794|44036736|44036810|44057604|4-4
img/battlebacks1/battleback_ow_xsbf.png|0|47229|47229|44057604|44057673|44104902|4-4
img/battlebacks1/battleback_pf_default.png|0|65077|65077|44104902|44104974|44170051|4-4
img/battlebacks1/battleback_reckut.png|0|208320|208320|44170051|44170119|44378439|4-4
img/battlebacks1/battleback_sm_default.png|0|42471|42471|44378439|44378511|44420982|4-4
img/battlebacks1/battleback_sw_default.png|0|42693|42693|44420982|44421054|44463747|4-4
img/battlebacks1/battleback_sw_sweetheart.png|0|56354|56354|44463747|44463822|44520176|4-4
img/battlebacks1/battleback_vf_default.png|0|74907|74907|44520176|44520248|44595155|4-4
img/battlebacks1/battleback_vf_inverted.png|0|74930|74930|44595155|44595228|44670158|4-4
img/battlebacks1/battleback_vf_kitekid.png|0|31641|31641|44670158|44670230|44701871|4-4
img/battlebacks1/_battle_omori_3.png|0|32771|32771|44701871|44701937|44734708|4-4
img/characters/!$cranecardboard.png|0|43580|43580|44734708|44734773|44778353|4-4
img/characters/!$dw_aubreykel_stump.png|0|2367|2367|44778353|44778422|44780789|4-4
img/characters/!$objects_sweetheart elevator.png|0|47319|47319|44780789|44780867|44828186|4-4
img/characters/!$objects_sweetheart gate.png|0|59364|59364|44828186|44828260|44887624|4-4
img/characters/!$tools.png|0|978|978|44887624|44887680|44888658|4-4
img/characters/!fa_objects_2.png|0|9499|9499|44888658|44888720|44898219|4-4
img/characters/!fa_playerhouse_obj.png|0|8719|8719|44898219|44898287|44907006|4-4
img/characters/!memory_objects.png|0|6078|6078|44907006|44907070|44913148|4-4
img/characters/!objects_fa_doors.png|0|4376|4376|44913148|44913214|44917590|4-4
img/characters/!objects_fa_doors_2.png|0|4900|4900|44917590|44917658|44922558|4-4
img/characters/!objects_fa_doors_3.png|0|6130|6130|44922558|44922626|44928756|4-4
img/characters/!objects_fa_doors_bs.png|0|38719|38719|44928756|44928825|44967544|4-4
img/characters/!objects_fa_doors_night_2.png|0|4535|4535|44967544|44967618|44972153|4-4
img/characters/!objects_fa_doors_night_3.png|0|2470|2470|44972153|44972227|44974697|4-4
img/characters/!objects_fa_doors_sunset_2.png|0|5385|5385|44974697|44974772|44980157|4-4
img/characters/!objects_fa_doors_sunset_3.png|0|3445|3445|44980157|44980232|44983677|4-4
img/characters/!objects_fa_night_doors.png|0|3250|3250|44983677|44983749|44986999|4-4
img/characters/!objects_fa_sunset_doors.png|0|4369|4369|44986999|44987072|44991441|4-4
img/characters/!objects_pizza_doors_1.png|0|5211|5211|44991441|44991512|44996723|4-4
img/characters/!objects_pizza_doors_2.png|0|5074|5074|44996723|44996794|45001868|4-4
img/characters/!objects_sw_doors.png|0|840|840|45001868|45001934|45002774|4-4
img/characters/!obj_dw_doors.png|0|3936|3936|45002774|45002836|45006772|4-4
img/characters/!obj_dw_gates.png|0|44855|44855|45006772|45006834|45051689|4-4
img/characters/!obj_dw_gates_2.png|0|40568|40568|45051689|45051753|45092321|4-4
img/characters/!obj_fa_doors_1.png|0|3978|3978|45092321|45092385|45096363|4-4
img/characters/!obj_fa_door_2.png|0|3334|3334|45096363|45096426|45099760|4-4
img/characters/!tag_aubrey_hammer.png|0|52645|52645|45099760|45099827|45152472|4-4
img/characters/!tag_aubrey_hammer_masked.png|0|20059|20059|45152472|45152546|45172605|4-4
img/characters/!tag_omori_cut.png|0|5830|5830|45172605|45172668|45178498|4-4
img/characters/$!fa_omori_bathtub.png|0|1721|1721|45178498|45178565|45180286|4-4
img/characters/$!nb_cateyes.png|0|9228|9228|45180286|45180347|45189575|4-4
img/characters/$abyss_abbi_tentacle.png|0|5208|5208|45189575|45189644|45194852|4-4
img/characters/$abyss_abbi_tentacle2.png|0|4506|4506|45194852|45194922|45199428|4-4
img/characters/$basil_climb.png|0|56936|56936|45199428|45199489|45256425|4-4
img/characters/$basil_shadow.png|0|733|733|45256425|45256487|45257220|4-4
img/characters/$bs_basil_gates.png|0|13317|13317|45257220|45257284|45270601|4-4
img/characters/$bs_basil_grab.png|0|41793|41793|45270601|45270664|45312457|4-4
img/characters/$bs_basil_something.png|0|11121|11121|45312457|45312525|45323646|4-4
img/characters/$bs_basil_something_2.png|0|7761|7761|45323646|45323716|45331477|4-4
img/characters/$bs_basil_something_grow.png|0|270849|270849|45331477|45331550|45602399|4-4
img/characters/$bs_basil_wave_of_hands_1.png|0|12180|12180|45602399|45602473|45614653|4-4
img/characters/$bs_basil_wave_of_hands_2.png|0|4393|4393|45614653|45614727|45619120|4-4
img/characters/$bs_basil_wave_of_hands_3.png|0|484|484|45619120|45619194|45619678|4-4
img/characters/$bs_bluebird.png|0|1736|1736|45619678|45619739|45621475|4-4
img/characters/$bs_bluegirl.png|0|1133|1133|45621475|45621536|45622669|4-4
img/characters/$bs_dance.png|0|7161|7161|45622669|45622727|45629888|4-4
img/characters/$bs_elevator.png|0|50824|50824|45629888|45629949|45680773|4-4
img/characters/$bs_en_anglerfish%(7).png|0|6661|6661|45680773|45680843|45687504|4-4
img/characters/$bs_en_baby_spider.png|0|1634|1634|45687504|45687571|45689205|4-4
img/characters/$bs_en_cindi%(8).png|0|7708|7708|45689205|45689270|45696978|4-4
img/characters/$bs_en_dorothi%(9) (OMORI Dev's conflicted copy 2020-11-07).png|0|11871|11871|45696978|45697086|45708957|4-4
img/characters/$bs_en_dorothi%(9).png|0|11871|11871|45708957|45709024|45720895|4-4
img/characters/$bs_en_lili%(4).png|0|16695|16695|45720895|45720959|45737654|4-4
img/characters/$bs_en_merci%(4).png|0|3502|3502|45737654|45737719|45741221|4-4
img/characters/$bs_en_nanci%(7).png|0|20147|20147|45741221|45741286|45761433|4-4
img/characters/$bs_en_salli%(4).png|0|3701|3701|45761433|45761498|45765199|4-4
img/characters/$bs_en_something.png|0|95896|95896|45765199|45765264|45861160|4-4
img/characters/$bs_expand.png|0|16348|16348|45861160|45861219|45877567|4-4
img/characters/$bs_fan.png|0|73762|73762|45877567|45877623|45951385|4-4
img/characters/$bs_fire.png|0|65051|65051|45951385|45951442|46016493|4-4
img/characters/$bs_hair.png|0|73365|73365|46016493|46016550|46089915|4-4
img/characters/$bs_hospital.png|0|80353|80353|46089915|46089976|46170329|4-4
img/characters/$bs_mari_hair.png|0|83626|83626|46170329|46170391|46254017|4-4
img/characters/$bs_melt.png|0|3115|3115|46254017|46254074|46257189|4-4
img/characters/$bs_mom.png|0|48428|48428|46257189|46257245|46305673|4-4
img/characters/$bs_objects_huge.png|0|46220|46220|46305673|46305738|46351958|4-4
img/characters/$bs_objects_large.png|0|12400|12400|46351958|46352024|46364424|4-4
img/characters/$bs_objects_medium.png|0|71557|71557|46364424|46364491|46436048|4-4
img/characters/$bs_objects_web.png|0|71711|71711|46436048|46436112|46507823|4-4
img/characters/$bs_omori_wave_of_hands.png|0|1125|1125|46507823|46507895|46509020|4-4
img/characters/$bs_raft.png|0|62131|62131|46509020|46509077|46571208|4-4
img/characters/$bs_shadow.png|0|82607|82607|46571208|46571267|46653874|4-4
img/characters/$bs_shadow_basil_something.png|0|134484|134484|46653874|46653949|46788433|4-4
img/characters/$bs_skeletons.png|0|13205|13205|46788433|46788495|46801700|4-4
img/characters/$bs_skittlingspiders.png|0|2581|2581|46801700|46801769|46804350|4-4
img/characters/$bs_snakehand.png|0|5448|5448|46804350|46804412|46809860|4-4
img/characters/$bs_spider_fridge.png|0|1885|1885|46809860|46809926|46811811|4-4
img/characters/$bs_spotlight.png|0|1984|1984|46811811|46811873|46813857|4-4
img/characters/$bs_stair_holes.png|0|29613|29613|46813857|46813921|46843534|4-4
img/characters/$bs_tetherballpinata.png|0|2450|2450|46843534|46843603|46846053|4-4
img/characters/$bs_ufo.png|0|49368|49368|46846053|46846109|46895477|4-4
img/characters/$butterflywhite%(4).png|0|467|467|46895477|46895545|46896012|4-4
img/characters/$butterfly_%(4).png|0|467|467|46896012|46896076|46896543|4-4
img/characters/$diner_karaoke.png|0|2200|2200|46896543|46896606|46898806|4-4
img/characters/$door.png|0|669|669|46898806|46898860|46899529|4-4
img/characters/$dustpile.png|0|71554|71554|46899529|46899587|46971141|4-4
img/characters/$dw_aubrey_blood.png|0|2011|2011|46971141|46971206|46973217|4-4
img/characters/$dw_aubrey_flour_run%(8).png|0|2594|2594|46973217|46973290|46975884|4-4
img/characters/$dw_aubrey_masked_run%(8).png|0|2809|2809|46975884|46975958|46978767|4-4
img/characters/$dw_aubrey_run%(8).png|0|2236|2236|46978767|46978834|46981070|4-4
img/characters/$dw_aubrey_stump.png|0|2727|2727|46981070|46981135|46983862|4-4
img/characters/$dw_basil_run%(8).png|0|34869|34869|46983862|46983928|47018797|4-4
img/characters/$dw_basil_sleep.png|0|81611|81611|47018797|47018861|47100472|4-4
img/characters/$dw_basil_something.png|0|12660|12660|47100472|47100540|47113200|4-4
img/characters/$dw_bookcase_open.png|0|5484|5484|47113200|47113266|47118750|4-4
img/characters/$dw_club_sandwich.png|0|2522|2522|47118750|47118816|47121338|4-4
img/characters/$dw_club_sandwich_door.png|0|80698|80698|47121338|47121409|47202107|4-5
img/characters/$dw_dd_summoningcircle.png|0|87541|87541|47202107|47202178|47289719|5-5
img/characters/$dw_dino.png|0|4473|4473|47289719|47289776|47294249|5-5
img/characters/$dw_dino2.png|0|789|789|47294249|47294307|47295096|5-5
img/characters/$dw_dough_ball%(4).png|0|20702|20702|47295096|47295163|47315865|5-5
img/characters/$dw_dough_ball.png|0|6991|6991|47315865|47315928|47322919|5-5
img/characters/$dw_dr_pinkbeard.png|0|2512|2512|47322919|47322984|47325496|5-5
img/characters/$dw_elevator.png|0|938|938|47325496|47325557|47326495|5-5
img/characters/$dw_en_pf_spider_cat.png|0|3886|3886|47326495|47326564|47330450|5-5
img/characters/$dw_en_pf_spider_cat_transform.png|0|3718|3718|47330450|47330529|47334247|5-5
img/characters/$dw_en_pf_spider_cat_transform_(silhouette).png|0|3715|3715|47334247|47334339|47338054|5-5
img/characters/$dw_ff_space_pirate_icee.png|0|2854|2854|47338054|47338127|47340981|5-5
img/characters/$dw_ff_summoningcircle.png|0|83176|83176|47340981|47341052|47424228|5-5
img/characters/$dw_gp_pinata.png|0|1596|1596|47424228|47424290|47425886|5-5
img/characters/$dw_hero_charm_masked.png|0|1090|1090|47425886|47425956|47427046|5-5
img/characters/$dw_hero_flour_run%(8).png|0|32877|32877|47427046|47427117|47459994|5-5
img/characters/$dw_hero_masked_run%(8).png|0|2665|2665|47459994|47460066|47462731|5-5
img/characters/$DW_HERO_RUN%(8) (OMORI Dev's conflicted copy 2020-11-07).png|0|3852|3852|47462731|47462837|47466689|5-5
img/characters/$dw_hero_run%(8).png|0|3852|3852|47466689|47466754|47470606|5-5
img/characters/$dw_kel_flour_run%(8).png|0|29942|29942|47470606|47470676|47500618|5-5
img/characters/$dw_kel_masked_run%(8).png|0|38594|38594|47500618|47500689|47539283|5-5
img/characters/$DW_KEL_RUN%(8) (OMORI Dev's conflicted copy 2020-11-07).png|0|3316|3316|47539283|47539388|47542704|5-5
img/characters/$dw_kel_run%(8).png|0|3316|3316|47542704|47542768|47546084|5-5
img/characters/$dw_king_crawler.png|0|77658|77658|47546084|47546149|47623807|5-5
img/characters/$dw_lifejam_guy.png|0|3175|3175|47623807|47623871|47627046|5-5
img/characters/$dw_lr_jawsum_contract.png|0|8486|8486|47627046|47627117|47635603|5-5
img/characters/$dw_mari_hero_hug.png|0|39680|39680|47635603|47635669|47675349|5-5
img/characters/$dw_mari_omori_hug.png|0|3213|3213|47675349|47675416|47678629|5-5
img/characters/$dw_mari_omori_hug_mirror.png|0|3361|3361|47678629|47678703|47682064|5-5
img/characters/$dw_mushroom_jump.png|0|3383|3383|47682064|47682130|47685513|5-5
img/characters/$dw_mushroom_man.png|0|2368|2368|47685513|47685578|47687946|5-5
img/characters/$dw_mushroom_mentor.png|0|2640|2640|47687946|47688014|47690654|5-5
img/characters/$dw_npc_18.png|0|57550|57550|47690654|47690713|47748263|5-5
img/characters/$dw_omori_dig_run%(8).png|0|1991|1991|47748263|47748333|47750324|5-5
img/characters/$dw_omori_flour_run%(8).png|0|3964|3964|47750324|47750396|47754360|5-5
img/characters/$dw_omori_f_run%(8).png|0|3080|3080|47754360|47754428|47757508|5-5
img/characters/$dw_omori_masked_run%(8).png|0|37995|37995|47757508|47757581|47795576|5-5
img/characters/$dw_omori_run%(8).png|0|1307|1307|47795576|47795642|47796949|5-5
img/characters/$dw_omori_sink.png|0|1463|1463|47796949|47797012|47798475|5-5
img/characters/$dw_ot_crow.png|0|493|493|47798475|47798535|47799028|5-5
img/characters/$dw_ot_jj_dance_1%(4).png|0|4375|4375|47799028|47799098|47803473|5-5
img/characters/$dw_ot_jj_dance_2%(8).png|0|7909|7909|47803473|47803543|47811452|5-5
img/characters/$dw_ot_scarecrow (1).png|0|1785|1785|47811452|47811521|47813306|5-5
img/characters/$dw_ot_scarecrow.png|0|767|767|47813306|47813371|47814138|5-5
img/characters/$dw_pessi.png|0|2994|2994|47814138|47814196|47817190|5-5
img/characters/$dw_pf_dead_moles.png|0|6477|6477|47817190|47817256|47823733|5-5
img/characters/$dw_pf_fire.png|0|67021|67021|47823733|47823793|47890814|5-5
img/characters/$dw_pinwheel.png|0|74606|74606|47890814|47890875|47965481|5-5
img/characters/$dw_playground_pole.png|0|2544|2544|47965481|47965549|47968093|5-5
img/characters/$dw_playground_slide.png|0|1421|1421|47968093|47968162|47969583|5-5
img/characters/$dw_pluto_fountain.png|0|4084|4084|47969583|47969650|47973734|5-5
img/characters/$dw_pluto_liftoff.png|0|4593|4593|47973734|47973800|47978393|5-5
img/characters/$dw_pluto_liftoff_(dark_outline).png|0|4591|4591|47978393|47978474|47983065|5-5
img/characters/$dw_puzzleobjects_4.png|0|44228|44228|47983065|47983133|48027361|5-5
img/characters/$dw_pyramid_gate.png|0|939|939|48027361|48027426|48028365|5-5
img/characters/$dw_rococo_art.png|0|7014|7014|48028365|48028428|48035442|5-5
img/characters/$dw_roof.png|0|50547|50547|48035442|48035499|48086046|5-5
img/characters/$dw_sg_whaley_burp.png|0|5466|5466|48086046|48086113|48091579|5-5
img/characters/$dw_sign.png|0|5642|5642|48091579|48091636|48097278|5-5
img/characters/$dw_sleepingchars.png|0|4581|4581|48097278|48097344|48101925|5-5
img/characters/$dw_sm_bandito_mole.png|0|2762|2762|48101925|48101993|48104755|5-5
img/characters/$dw_sprm_big.png|0|4230|4230|48104755|48104816|48109046|5-5
img/characters/$dw_swingingaxe.png|0|53695|53695|48109046|48109110|48162805|5-5
img/characters/$dw_sw_blackhole.png|0|49999|49999|48162805|48162870|48212869|5-5
img/characters/$dw_sw_bluebowmole.png|0|52588|52588|48212869|48212936|48265524|5-5
img/characters/$dw_sw_bluedressmole.png|0|53139|53139|48265524|48265593|48318732|5-5
img/characters/$dw_sw_cake.png|0|50231|50231|48318732|48318792|48369023|5-5
img/characters/$dw_sw_mole_hole.png|0|57785|57785|48369023|48369088|48426873|5-5
img/characters/$dw_sw_pinkbowmole.png|0|56376|56376|48426873|48426940|48483316|5-5
img/characters/$dw_sw_pinkdressmole.png|0|56388|56388|48483316|48483385|48539773|5-5
img/characters/$dw_sw_statue.png|0|3325|3325|48539773|48539835|48543160|5-5
img/characters/$dw_tophat.png|0|32656|32656|48543160|48543219|48575875|5-5
img/characters/$dw_uh_bridge.png|0|331|331|48575875|48575937|48576268|5-5
img/characters/$dw_vf_budgirl.png|0|2513|2513|48576268|48576331|48578844|5-5
img/characters/$dw_vf_trainpassengers.png|0|32670|32670|48578844|48578915|48611585|5-5
img/characters/$dw_vf_weeping_willow.png|0|796|796|48611585|48611655|48612451|5-5
img/characters/$dw_vf_weeping_willow_cry.png|0|1242|1242|48612451|48612525|48613767|5-5
img/characters/$dw_whaley_1.png|0|6219|6219|48613767|48613828|48620047|5-5
img/characters/$dw_whaley_2.png|0|5949|5949|48620047|48620108|48626057|5-5
img/characters/$dw_whaley_3.png|0|6835|6835|48626057|48626118|48632953|5-5
img/characters/$dw_whaley_4.png|0|3889|3889|48632953|48633014|48636903|5-5
img/characters/$faceguy.png|0|79484|79484|48636903|48636960|48716444|5-5
img/characters/$fa_aubreys_mom.png|0|2939|2939|48716444|48716508|48719447|5-5
img/characters/$fa_aubrey_run%(8).png|0|4315|4315|48719447|48719514|48723829|5-5
img/characters/$fa_basil_run%(8).png|0|2533|2533|48723829|48723895|48726428|5-5
img/characters/$fa_bowen.png|0|2544|2544|48726428|48726486|48729030|5-5
img/characters/$fa_brent_studying.png|0|29399|29399|48729030|48729097|48758496|5-5
img/characters/$fa_crisdad_barbecue.png|0|1447|1447|48758496|48758565|48760012|5-5
img/characters/$fa_curtains.png|0|5790|5790|48760012|48760073|48765863|5-5
img/characters/$fa_curtains_(sunset).png|0|5946|5946|48765863|48765933|48771879|5-5
img/characters/$fa_curtsey.png|0|3168|3168|48771879|48771939|48775107|5-5
img/characters/$fa_dustine.png|0|2379|2379|48775107|48775167|48777546|5-5
img/characters/$fa_en_recyclepath.png|0|34050|34050|48777546|48777613|48811663|5-5
img/characters/$fa_en_recycultist.png|0|4828|4828|48811663|48811730|48816558|5-5
img/characters/$fa_en_stray_dog.png|0|3597|3597|48816558|48816623|48820220|5-5
img/characters/$fa_gino.png|0|1269|1269|48820220|48820277|48821546|5-5
img/characters/$fa_hero_night_run%(8).png|0|78575|78575|48821546|48821617|48900192|5-5
img/characters/$fa_hero_run%(8).png|0|2004|2004|48900192|48900257|48902261|5-5
img/characters/$fa_hobo_smelly.png|0|1033|1033|48902261|48902325|48903358|5-5
img/characters/$fa_hobo_smelly2.png|0|1065|1065|48903358|48903423|48904488|5-5
img/characters/$fa_hobo_socrates.png|0|78305|78305|48904488|48904554|48982859|5-5
img/characters/$fa_j.png|0|1294|1294|48982859|48982913|48984207|5-5
img/characters/$fa_jesse.png|0|2478|2478|48984207|48984265|48986743|5-5
img/characters/$fa_jesse_chair.png|0|1347|1347|48986743|48986807|48988154|5-5
img/characters/$fa_joy.png|0|1028|1028|48988154|48988210|48989238|5-5
img/characters/$fa_joy_studying.png|0|1016|1016|48989238|48989303|48990319|5-5
img/characters/$fa_jukebox.png|0|4729|4729|48990319|48990379|48995108|5-5
img/characters/$fa_katie_cross.png|0|3033|3033|48995108|48995172|48998205|5-5
img/characters/$fa_kelsdad_barbecue.png|0|3236|3236|48998205|48998274|49001510|5-5
img/characters/$fa_kel_night_run%(8).png|0|77547|77547|49001510|49001580|49079127|5-5
img/characters/$fa_kel_run%(8).png|0|4061|4061|49079127|49079191|49083252|5-5
img/characters/$fa_kims_mom.png|0|3504|3504|49083252|49083313|49086817|5-5
img/characters/$fa_kimwithegg.png|0|2048|2048|49086817|49086880|49088928|5-5
img/characters/$fa_meatguy.png|0|3478|3478|49088928|49088988|49092466|5-5
img/characters/$fa_memory_secretlake_sleep.png|0|1561|1561|49092466|49092542|49094103|5-5
img/characters/$fa_movers.png|0|49665|49665|49094103|49094162|49143827|5-5
img/characters/$fa_nightobjects.png|0|2897|2897|49143827|49143892|49146789|5-5
img/characters/$fa_old_lady.png|0|2758|2758|49146789|49146850|49149608|5-5
img/characters/$fa_omoripizza_run%(8).png|0|2403|2403|49149608|49149679|49152082|5-5
img/characters/$fa_omori_basil_hug.png|0|2872|2872|49152082|49152150|49155022|5-5
img/characters/$fa_omori_night_run%(8).png|0|1991|1991|49155022|49155094|49157085|5-5
img/characters/$fa_omori_run%(8).png|0|3838|3838|49157085|49157151|49160989|5-5
img/characters/$fa_pretty_boy.png|0|1199|1199|49160989|49161052|49162251|5-5
img/characters/$fa_sally.png|0|1679|1679|49162251|49162309|49163988|5-5
img/characters/$fa_sarahs_dad.png|0|1305|1305|49163988|49164051|49165356|5-5
img/characters/$fa_sarahs_mom.png|0|1248|1248|49165356|49165419|49166667|5-5
img/characters/$fa_sunsettree.png|0|77927|77927|49166667|49166730|49244657|5-5
img/characters/$fa_swings.png|0|77566|77566|49244657|49244716|49322282|5-5
img/characters/$fa_swings2.png|0|77566|77566|49322282|49322342|49399908|5-5
img/characters/$fa_swings_2.png|0|78047|78047|49399908|49399969|49478016|5-5
img/characters/$fa_vancedad.png|0|4300|4300|49478016|49478077|49482377|5-5
img/characters/$fear_hands.png|0|2273|2273|49482377|49482437|49484710|5-5
img/characters/$gibs_sing%(8).png|0|2894|2894|49484710|49484773|49487667|5-5
img/characters/$glassomori.png|0|957|957|49487667|49487727|49488684|5-5
img/characters/$hairspiders.png|0|3822|3822|49488684|49488745|49492567|5-5
img/characters/$humphreyelevator.png|0|64970|64970|49492567|49492633|49557603|5-5
img/characters/$humphrey_elevator_up.png|0|64884|64884|49557603|49557673|49622557|5-5
img/characters/$jupiter.png|0|6951|6951|49622557|49622614|49629565|5-5
img/characters/$keeper_of_the_castle.png|0|77420|77420|49629565|49629635|49707055|5-5
img/characters/$kel_flag_1.png|0|4136|4136|49707055|49707115|49711251|5-5
img/characters/$kel_flag_2.png|0|2725|2725|49711251|49711311|49714036|5-5
img/characters/$marinabridge.png|0|154|154|49714036|49714098|49714252|5-5
img/characters/$marinatumor.png|0|147|147|49714252|49714313|49714460|5-5
img/characters/$mars.png|0|2703|2703|49714460|49714514|49717217|5-5
img/characters/$mercury.png|0|2704|2704|49717217|49717274|49719978|5-5
img/characters/$neptune.png|0|4206|4206|49719978|49720035|49724241|5-5
img/characters/$npc_kite (OMORI Dev's conflicted copy 2020-11-07).png|0|676|676|49724241|49724340|49725016|5-5
img/characters/$npc_kite.png|0|676|676|49725016|49725074|49725750|5-5
img/characters/$npc_kite_aubrey.png|0|72915|72915|49725750|49725815|49798730|5-5
img/characters/$npc_kite_hero.png|0|72899|72899|49798730|49798793|49871692|5-5
img/characters/$npc_kite_kel.png|0|72809|72809|49871692|49871754|49944563|5-5
img/characters/$npc_kite_omori.png|0|73489|73489|49944563|49944627|50018116|5-5
img/characters/$objects_dw_cheese.png|0|1609|1609|50018116|50018183|50019792|5-5
img/characters/$objects_dw_singing_bass_2.png|0|655|655|50019792|50019867|50020522|5-5
img/characters/$objects_ot_coffee_maker.png|0|2582|2582|50020522|50020595|50023177|5-5
img/characters/$objects_spbf_statue.png|0|3765|3765|50023177|50023246|50027011|5-5
img/characters/$objects_web.png|0|3823|3823|50027011|50027072|50030895|5-5
img/characters/$obj_light.png|0|4130|4130|50030895|50030954|50035084|5-5
img/characters/$obj_shadow.png|0|2872|2872|50035084|50035144|50038016|5-5
img/characters/$obj_stump.png|0|62943|62943|50038016|50038075|50101018|5-5
img/characters/$obj_sweetheart_switches.png|0|31974|31974|50101018|50101091|50133065|5-5
img/characters/$obj_sw_sculpture.png|0|3800|3800|50133065|50133131|50136931|5-5
img/characters/$obj_sw_statue.png|0|3986|3986|50136931|50136994|50140980|5-5
img/characters/$obj_tollgate.png|0|1685|1685|50140980|50141042|50142727|5-5
img/characters/$popcorngirl.png|0|79734|79734|50142727|50142788|50222522|5-5
img/characters/$reckut.png|0|91168|91168|50222522|50222578|50313746|5-5
img/characters/$sgl_chimera.png|0|53830|53830|50313746|50313807|50367637|5-5
img/characters/$sgl_chimera_tube.png|0|13050|13050|50367637|50367703|50380753|5-5
img/characters/$sgl_facade.png|0|2990|2990|50380753|50380813|50383803|5-5
img/characters/$sgl_food.png|0|42609|42609|50383803|50383861|50426470|5-5
img/characters/$sgl_food_shadow.png|0|1554|1554|50426470|50426535|50428089|5-5
img/characters/$sgl_gate.png|0|53810|53810|50428089|50428147|50481957|5-5
img/characters/$sgl_humphrey_blob.png|0|552|552|50481957|50482024|50482576|5-5
img/characters/$sgl_humphrey_blob_2.png|0|1305|1305|50482576|50482645|50483950|5-5
img/characters/$sgl_humphrey_sink.png|0|516|516|50483950|50484017|50484533|5-5
img/characters/$sgl_humphrey_statue.png|0|3913|3913|50484533|50484602|50488515|5-5
img/characters/$sgl_humphrey_tumor.png|0|597|597|50488515|50488583|50489180|5-5
img/characters/$sgl_plant.png|0|50516|50516|50489180|50489239|50539755|5-5
img/characters/$sgl_tumor_bridge.png|0|3335|3335|50539755|50539821|50543156|5-5
img/characters/$shadow_memory_secretlake_sleep.png|0|70110|70110|50543156|50543236|50613346|5-5
img/characters/$spiderweb.png|0|1929|1929|50613346|50613405|50615334|5-5
img/characters/$sprite_dr_seacow_farmer.png|0|31888|31888|50615334|50615407|50647295|5-5
img/characters/$sprite_fa_gino.png|0|1269|1269|50647295|50647359|50648628|5-5
img/characters/$sprite_marina_labcoat.png|0|1637|1637|50648628|50648699|50650336|5-5
img/characters/$sprite_mutant_heart_table.png|0|1879|1879|50650336|50650411|50652290|5-5
img/characters/$sprite_pf_mush.png|0|31936|31936|50652290|50652354|50684290|5-5
img/characters/$sprite_robo_heart_chamber.png|0|4100|4100|50684290|50684365|50688465|5-5
img/characters/$sprite_sg_medusa_labcoat.png|0|1380|1380|50688465|50688539|50689919|5-5
img/characters/$sprite_sg_molly_labcoat.png|0|1566|1566|50689919|50689992|50691558|5-5
img/characters/$sprite_sweetheart_parasol.png|0|3027|3027|50691558|50691633|50694660|5-5
img/characters/$sprite_vf_kite_kid.png|0|828|828|50694660|50694728|50695556|5-5
img/characters/$sprite_vf_sprout_mole_bob.png|0|3521|3521|50695556|50695631|50699152|5-5
img/characters/$sprout_mole_goldknight.png|0|32888|32888|50699152|50699224|50732112|5-5
img/characters/$ss_planets1.png|0|3238|3238|50732112|50732173|50735411|5-5
img/characters/$ss_planets_2.png|0|5964|5964|50735411|50735473|50741437|5-5
img/characters/$tag_aubrey_barrel.png|0|1556|1556|50741437|50741504|50743060|5-5
img/characters/$tag_aubrey_hammer.png|0|79456|79456|50743060|50743127|50822583|5-5
img/characters/$toast.png|0|415|415|50822583|50822638|50823053|5-5
img/characters/$toasted.png|0|431|431|50823053|50823110|50823541|5-5
img/characters/$uranus.png|0|3418|3418|50823541|50823597|50827015|5-5
img/characters/$uvulaface.png|0|2258|2258|50827015|50827074|50829332|5-5
img/characters/$venus.png|0|3592|3592|50829332|50829387|50832979|5-5
img/characters/basilsomethinggrab.png|0|338465|338465|50832979|50833046|51171511|5-5
img/characters/basil_camera.png|0|23049|23049|51171511|51171572|51194621|5-5
img/characters/basil_camera2.png|0|17194|17194|51194621|51194683|51211877|5-5
img/characters/basil_camera3.png|0|9376|9376|51211877|51211939|51221315|5-5
img/characters/blackletters.png|0|38136|38136|51221315|51221376|51259512|5-5
img/characters/bloody_footprints.png|0|497|497|51259512|51259578|51260075|5-5
img/characters/boss_rush_monitor.png|0|4867|4867|51260075|51260141|51265008|5-5
img/characters/bs_ash_2.png|0|34127|34127|51265008|51265065|51299192|5-5
img/characters/bs_basil.png|0|84223|84223|51299192|51299249|51383472|5-5
img/characters/bs_en_nanci%(7).png|0|20147|20147|51383472|51383536|51403683|5-5
img/characters/bs_en_nanci__7_.png|0|20147|20147|51403683|51403747|51423894|5-5
img/characters/bs_mannequins.png|0|45727|45727|51423894|51423956|51469683|5-5
img/characters/bs_mannequins_2.png|0|40514|40514|51469683|51469747|51510261|5-5
img/characters/bs_mirror.png|0|62538|62538|51510261|51510319|51572857|5-5
img/characters/bs_objects.png|0|12239|12239|51572857|51572916|51585155|5-5
img/characters/bs_puzzleobjects.png|0|66247|66247|51585155|51585220|51651467|5-5
img/characters/bs_raft_sprites.png|0|28293|28293|51651467|51651531|51679824|5-5
img/characters/couch.png|0|12460|12460|51679824|51679878|51692338|5-5
img/characters/dd_biscuitdoughie.png|0|2275|2275|51692338|51692404|51694679|5-5
img/characters/dev_empty.png|0|2184|2184|51694679|51694737|51696921|5-5
img/characters/dev_framereference.png|0|21564|21564|51696921|51696988|51718552|5-5
img/characters/dev_test.png|0|9650|9650|51718552|51718609|51728259|5-5
img/characters/dw_64_aubkel.png|0|2601|2601|51728259|51728320|51730921|5-5
img/characters/dw_ash_1.png|0|2851|2851|51730921|51730978|51733829|5-5
img/characters/dw_aubrey.png|0|6373|6373|51733829|51733887|51740260|5-5
img/characters/dw_aubrey_2.png|0|34364|34364|51740260|51740320|51774684|5-5
img/characters/dw_aubrey_2test.png|0|20020|20020|51774684|51774748|51794768|5-5
img/characters/dw_aubrey_flour.png|0|34133|34133|51794768|51794832|51828965|5-5
img/characters/dw_aubrey_flour_run8.png|0|35309|35309|51828965|51829034|51864343|5-5
img/characters/dw_basil.png|0|11702|11702|51864343|51864400|51876102|5-5
img/characters/dw_birds.png|0|2479|2479|51876102|51876159|51878638|5-5
img/characters/dw_blackletters.png|0|38063|38063|51878638|51878702|51916765|5-5
img/characters/dw_blackletters_blur.png|0|39177|39177|51916765|51916834|51956011|5-5
img/characters/dw_blackletters_blur_light.png|0|37759|37759|51956011|51956086|51993845|5-5
img/characters/dw_boss.png|0|17555|17555|51993845|51993901|52011456|5-5
img/characters/dw_breaktime.png|0|5344|5344|52011456|52011517|52016861|5-5
img/characters/dw_breaktime_2.png|0|3468|3468|52016861|52016924|52020392|5-5
img/characters/dw_breaktime_3.png|0|2477|2477|52020392|52020455|52022932|5-5
img/characters/dw_breaktime_4.png|0|9827|9827|52022932|52022995|52032822|5-5
img/characters/dw_breaktime_5.png|0|3685|3685|52032822|52032885|52036570|5-5
img/characters/dw_breaktime_fishing.png|0|6790|6790|52036570|52036639|52043429|5-5
img/characters/dw_candleset.png|0|1825|1825|52043429|52043490|52045315|5-5
img/characters/dw_climb.png|0|74114|74114|52045315|52045372|52119486|5-5
img/characters/dw_crow.png|0|72059|72059|52119486|52119542|52191601|5-5
img/characters/dw_cs_headbutt.png|0|3649|3649|52191601|52191664|52195313|5-5
img/characters/dw_dd_chip.png|0|66177|66177|52195313|52195372|52261549|5-5
img/characters/dw_dd_oranges.png|0|11005|11005|52261549|52261611|52272616|5-5
img/characters/dw_deepreef1.png|0|34859|34859|52272616|52272677|52307536|5-5
img/characters/dw_deepreef2.png|0|44542|44542|52307536|52307597|52352139|5-5
img/characters/dw_doughdungeon2.png|0|6614|6614|52352139|52352204|52358818|5-5
img/characters/dw_dungeonnpcs.png|0|5760|5760|52358818|52358881|52364641|5-5
img/characters/dw_ems.png|0|1713|1713|52364641|52364696|52366409|5-5
img/characters/dw_en_1.png|0|6592|6592|52366409|52366465|52373057|5-5
img/characters/dw_en_2.png|0|14137|14137|52373057|52373113|52387250|5-5
img/characters/dw_en_3.png|0|18702|18702|52387250|52387306|52406008|5-5
img/characters/dw_en_4.png|0|6347|6347|52406008|52406064|52412411|5-5
img/characters/dw_en_5.png|0|17527|17527|52412411|52412467|52429994|5-5
img/characters/dw_en_6.png|0|19593|19593|52429994|52430050|52449643|5-5
img/characters/dw_en_7.png|0|12639|12639|52449643|52449699|52462338|5-5
img/characters/dw_en_8.png|0|8102|8102|52462338|52462394|52470496|5-5
img/characters/dw_en_9.png|0|4619|4619|52470496|52470552|52475171|5-5
img/characters/dw_ghostparty.png|0|4164|4164|52475171|52475233|52479397|5-5
img/characters/dw_ghostparty2.png|0|5781|5781|52479397|52479460|52485241|5-5
img/characters/dw_gibs.png|0|4037|4037|52485241|52485297|52489334|5-5
img/characters/dw_hero.png|0|6641|6641|52489334|52489390|52496031|5-5
img/characters/dw_hero_flour.png|0|35241|35241|52496031|52496093|52531334|5-5
img/characters/dw_hero_flour_run8.png|0|32900|32900|52531334|52531401|52564301|5-5
img/characters/dw_humphreyelevator.png|0|66493|66493|52564301|52564369|52630862|5-5
img/characters/dw_importantobj.png|0|2494|2494|52630862|52630926|52633420|5-5
img/characters/dw_importantobj_2.png|0|4292|4292|52633420|52633486|52637778|5-5
img/characters/dw_jackinbox.png|0|1683|1683|52637778|52637839|52639522|5-5
img/characters/dw_jawsum.png|0|14873|14873|52639522|52639580|52654453|5-5
img/characters/dw_kel.png|0|8507|8507|52654453|52654508|52663015|5-5
img/characters/dw_kel_flour.png|0|27156|27156|52663015|52663076|52690232|5-5
img/characters/dw_kel_flour_run8.png|0|29942|29942|52690232|52690298|52720240|5-5
img/characters/dw_kel_throw.png|0|6431|6431|52720240|52720301|52726732|5-5
img/characters/dw_manonfire.png|0|56191|56191|52726732|52726793|52782984|5-5
img/characters/dw_mari.png|0|5221|5221|52782984|52783040|52788261|5-5
img/characters/dw_marina_cages.png|0|84449|84449|52788261|52788325|52872774|5-5
img/characters/dw_maskedchars.png|0|8081|8081|52872774|52872837|52880918|5-5
img/characters/dw_maskedclimb.png|0|3041|3041|52880918|52880981|52884022|5-5
img/characters/dw_maskedkelthrow.png|0|8525|8525|52884022|52884088|52892613|5-5
img/characters/dw_mermaid.png|0|42207|42207|52892613|52892672|52934879|5-5
img/characters/dw_mirror.png|0|4425|4425|52934879|52934937|52939362|5-5
img/characters/dw_mirror_sm.png|0|4297|4297|52939362|52939423|52943720|5-5
img/characters/dw_mushroom_jump.png|0|3383|3383|52943720|52943785|52947168|5-5
img/characters/dw_neighboursroom.png|0|75630|75630|52947168|52947234|53022864|5-5
img/characters/dw_npc_1.png|0|5706|5706|53022864|53022921|53028627|5-5
img/characters/dw_npc_10.png|0|11598|11598|53028627|53028685|53040283|5-5
img/characters/dw_npc_11.png|0|44535|44535|53040283|53040341|53084876|5-5
img/characters/dw_npc_12.png|0|23783|23783|53084876|53084934|53108717|5-5
img/characters/dw_npc_13.png|0|16570|16570|53108717|53108775|53125345|5-5
img/characters/dw_npc_14.png|0|14855|14855|53125345|53125403|53140258|5-5
img/characters/dw_npc_15.png|0|56985|56985|53140258|53140316|53197301|5-5
img/characters/dw_npc_16.png|0|3132|3132|53197301|53197359|53200491|5-5
img/characters/dw_npc_17.png|0|24636|24636|53200491|53200549|53225185|5-5
img/characters/dw_npc_18.png|0|17881|17881|53225185|53225243|53243124|5-5
img/characters/dw_npc_19.png|0|27210|27210|53243124|53243182|53270392|5-5
img/characters/dw_npc_2.png|0|7330|7330|53270392|53270449|53277779|5-5
img/characters/dw_npc_20.png|0|96105|96105|53277779|53277837|53373942|5-5
img/characters/dw_npc_21.png|0|40079|40079|53373942|53374000|53414079|5-5
img/characters/dw_npc_22.png|0|47771|47771|53414079|53414137|53461908|5-5
img/characters/dw_npc_23.png|0|12604|12604|53461908|53461966|53474570|5-5
img/characters/dw_npc_24.png|0|14132|14132|53474570|53474628|53488760|5-5
img/characters/dw_npc_25.png|0|13728|13728|53488760|53488818|53502546|5-5
img/characters/dw_npc_26.png|0|7308|7308|53502546|53502604|53509912|5-5
img/characters/dw_npc_27.png|0|13201|13201|53509912|53509970|53523171|5-5
img/characters/dw_npc_28.png|0|22607|22607|53523171|53523229|53545836|5-5
img/characters/dw_npc_3.png|0|12345|12345|53545836|53545893|53558238|5-5
img/characters/dw_npc_4.png|0|7294|7294|53558238|53558295|53565589|5-5
img/characters/dw_npc_5.png|0|7411|7411|53565589|53565646|53573057|5-5
img/characters/dw_npc_6.png|0|14155|14155|53573057|53573114|53587269|5-5
img/characters/dw_npc_7.png|0|7082|7082|53587269|53587326|53594408|5-5
img/characters/dw_npc_8.png|0|10325|10325|53594408|53594465|53604790|5-5
img/characters/dw_npc_9.png|0|38153|38153|53604790|53604847|53643000|5-5
img/characters/dw_npc_duck.png|0|3453|3453|53643000|53643060|53646513|5-5
img/characters/dw_npc_gator.png|0|49374|49374|53646513|53646574|53695948|5-5
img/characters/dw_npc_otherworld.png|0|7294|7294|53695948|53696014|53703308|5-5
img/characters/dw_npc_playground.png|0|7330|7330|53703308|53703374|53710704|5-5
img/characters/dw_npc_playground2.png|0|2476|2476|53710704|53710771|53713247|5-5
img/characters/dw_objects.png|0|10271|10271|53713247|53713306|53723577|5-5
img/characters/dw_objects_2.png|0|12403|12403|53723577|53723638|53736041|5-5
img/characters/dw_objects_wsnb.png|0|99282|99282|53736041|53736105|53835387|5-5
img/characters/dw_omori.png|0|4500|4500|53835387|53835444|53839944|5-5
img/characters/dw_omori_2.png|0|6383|6383|53839944|53840003|53846386|5-5
img/characters/dw_omori_dig.png|0|3296|3296|53846386|53846447|53849743|5-5
img/characters/dw_omori_dig_pigtails.png|0|5747|5747|53849743|53849813|53855560|5-5
img/characters/dw_omori_flour.png|0|3443|3443|53855560|53855623|53859066|5-5
img/characters/dw_omori_flour_run8.png|0|3745|3745|53859066|53859134|53862879|5-5
img/characters/dw_omori_masked_tag.png|0|3900|3900|53862879|53862947|53866847|5-5
img/characters/dw_omori_pigtails.png|0|6407|6407|53866847|53866913|53873320|5-5
img/characters/dw_omori_tag.png|0|2212|2212|53873320|53873381|53875593|5-5
img/characters/dw_omori_tag_pigtails.png|0|2256|2256|53875593|53875663|53877919|5-5
img/characters/dw_ot_tvgirl_sit.png|0|7416|7416|53877919|53877984|53885400|5-5
img/characters/dw_party_extras.png|0|48294|48294|53885400|53885464|53933758|5-5
img/characters/dw_party_fall.png|0|86274|86274|53933758|53933820|54020094|5-5
img/characters/dw_perfectheart.png|0|9816|9816|54020094|54020158|54029974|5-5
img/characters/dw_playground_npcs.png|0|21749|21749|54029974|54030041|54051790|5-5
img/characters/dw_playground_objects.png|0|37363|37363|54051790|54051860|54089223|5-5
img/characters/dw_playground_van.png|0|16643|16643|54089223|54089289|54105932|5-5
img/characters/dw_pluto1.png|0|24816|24816|54105932|54105990|54130806|5-5
img/characters/dw_pluto2.png|0|26891|26891|54130806|54130864|54157755|5-5
img/characters/dw_puzzleobjects.png|0|3976|3976|54157755|54157820|54161796|5-5
img/characters/dw_puzzleobjects4.png|0|10205|10205|54161796|54161862|54172067|5-5
img/characters/dw_puzzleobjects5.png|0|14084|14084|54172067|54172133|54186217|5-5
img/characters/dw_puzzleobjects5sunset.png|0|16040|16040|54186217|54186289|54202329|5-5
img/characters/dw_puzzleobjects6.png|0|7605|7605|54202329|54202395|54210000|5-5
img/characters/dw_puzzleobjects7.png|0|59672|59672|54210000|54210066|54269738|5-5
img/characters/dw_puzzleobjects8.png|0|2320|2320|54269738|54269804|54272124|5-5
img/characters/dw_puzzleobjects_1.png|0|7128|7128|54272124|54272191|54279319|5-5
img/characters/dw_puzzleobjects_2.png|0|3706|3706|54279319|54279386|54283092|5-5
img/characters/dw_puzzleobjects_3.png|0|122|122|54283092|54283159|54283281|5-5
img/characters/dw_puzzleobjects_5.png|0|10761|10761|54283281|54283348|54294109|5-5
img/characters/dw_puzzleobjects_6.png|0|2749|2749|54294109|54294176|54296925|5-5
img/characters/dw_puzzleobjects_7.png|0|53478|53478|54296925|54296992|54350470|5-5
img/characters/dw_pyrefly_minecart.png|0|5108|5108|54350470|54350538|54355646|5-5
img/characters/dw_raft.png|0|9840|9840|54355646|54355702|54365542|5-5
img/characters/dw_sbf.png|0|9300|9300|54365542|54365597|54374897|5-5
img/characters/dw_sbf_2.png|0|3255|3255|54374897|54374954|54378209|5-5
img/characters/dw_sbf_bed.png|0|89559|89559|54378209|54378268|54467827|5-5
img/characters/dw_sbf_pirates.png|0|5732|5732|54467827|54467890|54473622|5-5
img/characters/dw_sg_humphrey.png|0|36358|36358|54473622|54473685|54510043|5-5
img/characters/dw_sg_humphreyeatsg.png|0|16987|16987|54510043|54510111|54527098|5-5
img/characters/dw_sg_humphrey_2.png|0|2674|2674|54527098|54527163|54529837|5-5
img/characters/dw_sg_humphrey_effects1.png|0|8042|8042|54529837|54529909|54537951|5-5
img/characters/dw_sg_humphrey_effects2.png|0|11130|11130|54537951|54538023|54549153|5-5
img/characters/dw_sg_perfect_heart.png|0|24537|24537|54549153|54549221|54573758|5-5
img/characters/dw_sg_robo_heart_fly.png|0|2493|2493|54573758|54573827|54576320|5-5
img/characters/dw_sg_slimegirlsfloat_kel.png|0|13041|13041|54576320|54576394|54589435|5-5
img/characters/dw_sh_1.png|0|14921|14921|54589435|54589491|54604412|5-5
img/characters/dw_sh_2.png|0|7544|7544|54604412|54604468|54612012|5-5
img/characters/dw_sleepingmoles.png|0|51114|51114|54612012|54612077|54663191|5-5
img/characters/dw_slimegirlbomb.png|0|13475|13475|54663191|54663256|54676731|5-5
img/characters/dw_slimegirls.png|0|9548|9548|54676731|54676793|54686341|5-5
img/characters/dw_slimes.png|0|39970|39970|54686341|54686399|54726369|5-5
img/characters/dw_sm_rosa.png|0|6996|6996|54726369|54726428|54733424|5-5
img/characters/dw_sm_sproutmole_sleep.png|0|3410|3410|54733424|54733495|54736905|5-5
img/characters/dw_sm_sproutmole_wakeup.png|0|90166|90166|54736905|54736977|54827143|5-5
img/characters/dw_snaley.png|0|5228|5228|54827143|54827201|54832429|5-5
img/characters/dw_solar_system_objects.png|0|7585|7585|54832429|54832501|54840086|5-5
img/characters/dw_sprm_1.png|0|37745|37745|54840086|54840144|54877889|5-5
img/characters/dw_sprm_2.png|0|38095|38095|54877889|54877947|54916042|5-5
img/characters/dw_sprm_3.png|0|39777|39777|54916042|54916100|54955877|5-5
img/characters/dw_sprm_4.png|0|37977|37977|54955877|54955935|54993912|5-5
img/characters/dw_sprm_5.png|0|14353|14353|54993912|54993970|55008323|5-5
img/characters/dw_sprm_6.png|0|6748|6748|55008323|55008381|55015129|5-5
img/characters/dw_sprm_7.png|0|842|842|55015129|55015187|55016029|5-5
img/characters/dw_sweetheart_cake.png|0|7179|7179|55016029|55016096|55023275|5-5
img/characters/dw_trapdoor.png|0|3767|3767|55023275|55023335|55027102|5-5
img/characters/dw_whaley.png|0|47759|47759|55027102|55027160|55074919|5-5
img/characters/enemy_bunnies.png|0|3659|3659|55074919|55074981|55078640|5-5
img/characters/enemy_bunnies_2.png|0|2185|2185|55078640|55078704|55080889|5-5
img/characters/enemy_moles.png|0|10798|10798|55080889|55080949|55091747|5-5
img/characters/en_doughdungeon.png|0|3760|3760|55091747|55091811|55095571|5-5
img/characters/en_faraway.png|0|9158|9158|55095571|55095630|55104788|5-5
img/characters/farawayshopdoors.png|0|7529|7529|55104788|55104853|55112382|5-5
img/characters/fa_angel.png|0|16149|16149|55112382|55112439|55128588|5-5
img/characters/fa_artistpainting.png|0|3423|3423|55128588|55128654|55132077|5-5
img/characters/fa_artist_painting.png|0|5166|5166|55132077|55132144|55137310|5-5
img/characters/fa_aubrey.png|0|11844|11844|55137310|55137368|55149212|5-5
img/characters/fa_aubreypicnic.png|0|1303|1303|55149212|55149276|55150579|5-5
img/characters/fa_aubrey_bat.png|0|37191|37191|55150579|55150641|55187832|5-5
img/characters/fa_aubrey_bike.png|0|31365|31365|55187832|55187895|55219260|5-5
img/characters/fa_aubrey_smash.png|0|2669|2669|55219260|55219324|55221993|5-5
img/characters/fa_aubrey_stump.png|0|56533|56533|55221993|55222057|55278590|5-5
img/characters/fa_average.png|0|63121|63121|55278590|55278649|55341770|5-5
img/characters/fa_ayee.png|0|4001|4001|55341770|55341826|55345827|5-5
img/characters/fa_ayee_guffaw.png|0|2737|2737|55345827|55345890|55348627|5-5
img/characters/fa_basil.png|0|8292|8292|55348627|55348684|55356976|5-5
img/characters/fa_basil_room.png|0|7628|7628|55356976|55357038|55364666|5-5
img/characters/fa_bathroom_mirror.png|0|1831|1831|55364666|55364733|55366564|5-5
img/characters/fa_bebeblush.png|0|3779|3779|55366564|55366625|55370404|5-5
img/characters/fa_bebes_mom.png|0|4910|4910|55370404|55370465|55375375|5-5
img/characters/fa_bebes_mom_hairflip.png|0|4047|4047|55375375|55375445|55379492|5-5
img/characters/fa_brandi_hmph.png|0|3062|3062|55379492|55379555|55382617|5-5
img/characters/fa_breaktime.png|0|4406|4406|55382617|55382678|55387084|5-5
img/characters/fa_breaktime_2.png|0|7303|7303|55387084|55387147|55394450|5-5
img/characters/fa_breaktime_3.png|0|5583|5583|55394450|55394513|55400096|5-5
img/characters/fa_brent.png|0|3871|3871|55400096|55400153|55404024|5-5
img/characters/fa_brentsmom.png|0|4192|4192|55404024|55404085|55408277|5-5
img/characters/fa_brentsmom_principal_nope.png|0|3182|3182|55408277|55408353|55411535|5-5
img/characters/fa_brent_seals_sigh.png|0|2729|2729|55411535|55411603|55414332|5-5
img/characters/fa_candice.png|0|4826|4826|55414332|55414391|55419217|5-5
img/characters/fa_candy_candypink_pose.png|0|1379|1379|55419217|55419289|55420668|5-5
img/characters/fa_candy_candypink_spin.png|0|2830|2830|55420668|55420740|55423570|5-5
img/characters/fa_cashiers.png|0|8287|8287|55423570|55423630|55431917|5-5
img/characters/fa_cats.png|0|3205|3205|55431917|55431973|55435178|5-5
img/characters/fa_cats_night.png|0|74580|74580|55435178|55435240|55509820|5-5
img/characters/fa_cesarpizza.png|0|7131|7131|55509820|55509882|55517013|5-5
img/characters/fa_cesar_pizzatoss.png|0|4078|4078|55517013|55517080|55521158|5-5
img/characters/fa_charlie.png|0|35508|35508|55521158|55521217|55556725|5-5
img/characters/fa_charliesmom_sigh.png|0|3055|3055|55556725|55556793|55559848|5-5
img/characters/fa_charlies_mom.png|0|3897|3897|55559848|55559912|55563809|5-5
img/characters/fa_charlie_excited.png|0|4606|4606|55563809|55563876|55568482|5-5
img/characters/fa_churchpeople.png|0|54589|54589|55568482|55568546|55623135|5-5
img/characters/fa_church_market.png|0|12365|12365|55623135|55623200|55635565|5-5
img/characters/fa_climb.png|0|84031|84031|55635565|55635622|55719653|5-5
img/characters/fa_cooking.png|0|82592|82592|55719653|55719712|55802304|5-5
img/characters/fa_crismom_pie.png|0|2499|2499|55802304|55802367|55804866|5-5
img/characters/fa_cris_dad.png|0|4039|4039|55804866|55804926|55808965|5-5
img/characters/fa_cris_mom.png|0|4315|4315|55808965|55809025|55813340|5-5
img/characters/fa_doorcharset.png|0|3081|3081|55813340|55813403|55816484|5-5
img/characters/fa_en_1.png|0|36308|36308|55816484|55816540|55852848|5-5
img/characters/fa_fighting.png|0|4540|4540|55852848|55852908|55857448|5-5
img/characters/fa_flowers.png|0|4812|4812|55857448|55857507|55862319|5-5
img/characters/fa_fruitseller_brayen.png|0|4413|4413|55862319|55862389|55866802|5-5
img/characters/fa_fruitseller_mango.png|0|4396|4396|55866802|55866871|55871267|5-5
img/characters/fa_fruitseller_mango_excited.png|0|4139|4139|55871267|55871344|55875483|5-5
img/characters/fa_gino.png|0|1564|1564|55875483|55875539|55877103|5-5
img/characters/fa_grandma.png|0|35542|35542|55877103|55877162|55912704|5-5
img/characters/fa_groundskeeper.png|0|5932|5932|55912704|55912769|55918701|5-5
img/characters/fa_groundskeeper_flex.png|0|3325|3325|55918701|55918771|55922096|5-5
img/characters/fa_groundskeeper_flex_oops.png|0|4202|4202|55922096|55922171|55926373|5-5
img/characters/fa_groundskeeper_laugh.png|0|3747|3747|55926373|55926444|55930191|5-5
img/characters/fa_hero.png|0|8117|8117|55930191|55930247|55938364|5-5
img/characters/fa_hero_2.png|0|1644|1644|55938364|55938422|55940066|5-5
img/characters/fa_hero_rl_charm.png|0|2039|2039|55940066|55940131|55942170|5-5
img/characters/fa_hero_rl_helpup.png|0|1238|1238|55942170|55942236|55943474|5-5
img/characters/fa_hero_rl_sleepover.png|0|924|924|55943474|55943543|55944467|5-5
img/characters/fa_hooligans_riding.png|0|42255|42255|55944467|55944535|55986790|5-5
img/characters/fa_hooligans_sitting.png|0|43163|43163|55986790|55986859|56030022|5-5
img/characters/fa_jesses_dad.png|0|57969|57969|56030022|56030084|56088053|5-5
img/characters/fa_joysdad.png|0|4826|4826|56088053|56088112|56092938|5-5
img/characters/fa_joysdad_heroic.png|0|3070|3070|56092938|56093004|56096074|5-5
img/characters/fa_joysdad_nope.png|0|3104|3104|56096074|56096138|56099242|5-5
img/characters/fa_karen.png|0|5137|5137|56099242|56099299|56104436|5-5
img/characters/fa_karen_blowkiss.png|0|3783|3783|56104436|56104502|56108285|5-5
img/characters/fa_kel.png|0|10184|10184|56108285|56108340|56118524|5-5
img/characters/fa_kelsmom.png|0|6566|6566|56118524|56118583|56125149|5-5
img/characters/fa_kelsmom_baby.png|0|2883|2883|56125149|56125213|56128096|5-5
img/characters/fa_kelsmom_lecture.png|0|3019|3019|56128096|56128163|56131182|5-5
img/characters/fa_kels_dad.png|0|62038|62038|56131182|56131242|56193280|5-5
img/characters/fa_kels_dad_laugh.png|0|3740|3740|56193280|56193346|56197086|5-5
img/characters/fa_kels_dad_sigh.png|0|2829|2829|56197086|56197151|56199980|5-5
img/characters/fa_kel_2.png|0|76041|76041|56199980|56200037|56276078|5-5
img/characters/fa_kel_dig.png|0|4812|4812|56276078|56276137|56280949|5-5
img/characters/fa_kel_night.png|0|2767|2767|56280949|56281010|56283777|5-5
img/characters/fa_kel_rl_hi5_oh.png|0|4725|4725|56283777|56283842|56288567|5-5
img/characters/fa_kel_rl_hi5_yeah.png|0|7903|7903|56288567|56288634|56296537|5-5
img/characters/fa_kel_rl_sleepover.png|0|2967|2967|56296537|56296605|56299572|5-5
img/characters/fa_kel_throw.png|0|73835|73835|56299572|56299633|56373468|5-5
img/characters/fa_kevin.png|0|111537|111537|56373468|56373525|56485062|5-5
img/characters/fa_kevin_play_dead.png|0|3105|3105|56485062|56485129|56488234|5-5
img/characters/fa_kevin_rollover.png|0|3062|3062|56488234|56488300|56491362|5-5
img/characters/fa_kevin_shake.png|0|2862|2862|56491362|56491425|56494287|5-5
img/characters/fa_kim.png|0|4975|4975|56494287|56494342|56499317|5-5
img/characters/fa_kim_hairflip.png|0|3671|3671|56499317|56499381|56503052|5-5
img/characters/fa_main_sitting.png|0|43838|43838|56503052|56503116|56546954|5-5
img/characters/fa_maverick.png|0|8157|8157|56546954|56547014|56555171|5-5
img/characters/fa_max_rock_buttscratch.png|0|3505|3505|56555171|56555243|56558748|5-5
img/characters/fa_memory_birthday.png|0|12469|12469|56558748|56558815|56571284|5-5
img/characters/fa_memory_christmas.png|0|60896|60896|56571284|56571352|56632248|5-6
img/characters/fa_memory_rain.png|0|10834|10834|56632248|56632311|56643145|6-6
img/characters/fa_memory_secretlake.png|0|8390|8390|56643145|56643214|56651604|6-6
img/characters/fa_memory_treehouse.png|0|10312|10312|56651604|56651672|56661984|6-6
img/characters/fa_memory_watermelon.png|0|13108|13108|56661984|56662053|56675161|6-6
img/characters/fa_michael.png|0|6049|6049|56675161|56675220|56681269|6-6
img/characters/fa_michael_streetperformer_guitar_playing.png|0|3872|3872|56681269|56681359|56685231|6-6
img/characters/fa_michael_streetperformer_in_out.png|0|4122|4122|56685231|56685313|56689435|6-6
img/characters/fa_mincy.png|0|4907|4907|56689435|56689492|56694399|6-6
img/characters/fa_mondo_hardware.png|0|6731|6731|56694399|56694465|56701196|6-6
img/characters/fa_mondo_hardware_nope.png|0|3690|3690|56701196|56701267|56704957|6-6
img/characters/fa_ocean.png|0|7770|7770|56704957|56705014|56712784|6-6
img/characters/fa_old.png|0|54163|54163|56712784|56712839|56767002|6-6
img/characters/fa_omori.png|0|7300|7300|56767002|56767059|56774359|6-6
img/characters/fa_omoripizza_run.png|0|2395|2395|56774359|56774425|56776820|6-6
img/characters/fa_omori_2.png|0|7576|7576|56776820|56776879|56784455|6-6
img/characters/fa_omori_3.png|0|9133|9133|56784455|56784514|56793647|6-6
img/characters/fa_omori_rl_dishes.png|0|2663|2663|56793647|56793714|56796377|6-6
img/characters/fa_omori_rl_picnic.png|0|99635|99635|56796377|56796444|56896079|6-6
img/characters/fa_omori_stab.png|0|7808|7808|56896079|56896141|56903949|6-6
img/characters/fa_omori_tag.png|0|79578|79578|56903949|56904010|56983588|6-6
img/characters/fa_passing_cars.png|0|35666|35666|56983588|56983652|57019318|6-6
img/characters/fa_pedro.png|0|4813|4813|57019318|57019375|57024188|6-6
img/characters/fa_pets.png|0|3829|3829|57024188|57024244|57028073|6-6
img/characters/fa_pharm_strict.png|0|4107|4107|57028073|57028137|57032244|6-6
img/characters/fa_pizzapeople.png|0|3664|3664|57032244|57032307|57035971|6-6
img/characters/fa_pizzapeople_01.png|0|27834|27834|57035971|57036037|57063871|6-6
img/characters/fa_pizzapeople_02.png|0|2029|2029|57063871|57063937|57065966|6-6
img/characters/fa_playerhouse_obj.png|0|2297|2297|57065966|57066033|57068330|6-6
img/characters/fa_polly.png|0|6728|6728|57068330|57068387|57075115|6-6
img/characters/fa_priest_read.png|0|2676|2676|57075115|57075178|57077854|6-6
img/characters/fa_primadonas.png|0|11852|11852|57077854|57077916|57089768|6-6
img/characters/fa_rai.png|0|4748|4748|57089768|57089823|57094571|6-6
img/characters/fa_religious.png|0|6525|6525|57094571|57094632|57101157|6-6
img/characters/fa_residents1.png|0|10895|10895|57101157|57101219|57112114|6-6
img/characters/fa_sarah.png|0|76331|76331|57112114|57112171|57188502|6-6
img/characters/fa_scooters.png|0|43435|43435|57188502|57188562|57231997|6-6
img/characters/fa_sean.png|0|2664|2664|57231997|57232053|57234717|6-6
img/characters/fa_sean_blowkiss.png|0|2165|2165|57234717|57234782|57236947|6-6
img/characters/fa_sitting.png|0|73582|73582|57236947|57237006|57310588|6-6
img/characters/fa_slidingdoorcharset.png|0|4504|4504|57310588|57310658|57315162|6-6
img/characters/fa_tim_pharmacist.png|0|4069|4069|57315162|57315228|57319297|6-6
img/characters/fa_tucker.png|0|4775|4775|57319297|57319355|57324130|6-6
img/characters/fa_tv.png|0|9587|9587|57324130|57324184|57333771|6-6
img/characters/fa_vance.png|0|4773|4773|57333771|57333828|57338601|6-6
img/characters/fa_vance_picknose.png|0|3277|3277|57338601|57338667|57341944|6-6
img/characters/fa_vance_scratch.png|0|3113|3113|57341944|57342009|57345122|6-6
img/characters/footprints.png|0|2606|2606|57345122|57345181|57347787|6-6
img/characters/footprints_big.png|0|2665|2665|57347787|57347850|57350515|6-6
img/characters/footprints_big_same.png|0|2687|2687|57350515|57350583|57353270|6-6
img/characters/footprints_double.png|0|2646|2646|57353270|57353336|57355982|6-6
img/characters/footprints_double_2.png|0|2709|2709|57355982|57356050|57358759|6-6
img/characters/footprints_single_2.png|0|2672|2672|57358759|57358827|57361499|6-6
img/characters/footprints_turn - copy.png|0|3149|3149|57361499|57361570|57364719|6-6
img/characters/footprints_turn.png|0|417|417|57364719|57364783|57365200|6-6
img/characters/footprints_turn___copy.png|0|3149|3149|57365200|57365271|57368420|6-6
img/characters/ghosties.png|0|9869|9869|57368420|57368477|57378346|6-6
img/characters/hospital_party.png|0|5720|5720|57378346|57378409|57384129|6-6
img/characters/humphreyelevator.png|0|66141|66141|57384129|57384194|57450335|6-6
img/characters/mari_curtain.png|0|37372|37372|57450335|57450396|57487768|6-6
img/characters/npclist01.png|0|24935|24935|57487768|57487826|57512761|6-6
img/characters/npclist02.png|0|33578|33578|57512761|57512819|57546397|6-6
img/characters/npclist03.png|0|57658|57658|57546397|57546455|57604113|6-6
img/characters/objects_bs_minecart.png|0|62177|62177|57604113|57604181|57666358|6-6
img/characters/objects_dr_singing_clams.png|0|9008|9008|57666358|57666431|57675439|6-6
img/characters/objects_fa.png|0|2257|2257|57675439|57675498|57677755|6-6
img/characters/objects_jy_recyclebin.png|0|13692|13692|57677755|57677825|57691517|6-6
img/characters/objects_pf_minecart.png|0|6013|6013|57691517|57691585|57697598|6-6
img/characters/objects_spbf_statue.png|0|6863|6863|57697598|57697666|57704529|6-6
img/characters/obj_photos.png|0|29642|29642|57704529|57704588|57734230|6-6
img/characters/obj_sw_obj.png|0|8083|8083|57734230|57734289|57742372|6-6
img/characters/obj_sw_statue.png|0|33467|33467|57742372|57742434|57775901|6-6
img/characters/omori_player_stab.png|0|80047|80047|57775901|57775967|57856014|6-6
img/characters/props_set1.png|0|4813|4813|57856014|57856073|57860886|6-6
img/characters/rococo.png|0|3769|3769|57860886|57860941|57864710|6-6
img/characters/sgl_marina.png|0|11769|11769|57864710|57864769|57876538|6-6
img/characters/sgl_medusa_molly.png|0|10699|10699|57876538|57876603|57887302|6-6
img/characters/sgshadow.png|0|31036|31036|57887302|57887359|57918395|6-6
img/characters/sprite_fa_pets.png|0|5733|5733|57918395|57918458|57924191|6-6
img/characters/variousbowmoles.png|0|53460|53460|57924191|57924255|57977715|6-6
img/characters/variousdressmoles.png|0|55828|55828|57977715|57977781|58033609|6-6
img/characters/ws_mari.png|0|5920|5920|58033609|58033665|58039585|6-6
img/characters/ws_omori_lightbulb.png|0|92807|92807|58039585|58039652|58132459|6-6
img/characters/[sf]anvil.png|0|79367|79367|58132459|58132517|58211884|6-6
img/characters/[sf]basil_sign.png|0|440|440|58211884|58211947|58212387|6-6
img/characters/[sf]bbb.png|0|40550|40550|58212387|58212443|58252993|6-6
img/characters/[sf]bed.png|0|1922|1922|58252993|58253049|58254971|6-6
img/characters/[sf]black_car.png|0|2435|2435|58254971|58255033|58257468|6-6
img/characters/[sf]blanket_fort_above.png|0|73338|73338|58257468|58257539|58330877|6-6
img/characters/[sf]blanket_fort_empty.png|0|75529|75529|58330877|58330948|58406477|6-6
img/characters/[sf]branch_coral.png|0|5089|5089|58406477|58406542|58411631|6-6
img/characters/[sf]branch_coral_dead.png|0|4314|4314|58411631|58411701|58416015|6-6
img/characters/[sf]bread.png|0|4365|4365|58416015|58416073|58420438|6-6
img/characters/[sf]br_jawsum.png|0|1464|1464|58420438|58420500|58421964|6-6
img/characters/[sf]bs_basilhead_1.png|0|71276|71276|58421964|58422031|58493307|6-6
img/characters/[sf]bs_basilhead_2.png|0|71201|71201|58493307|58493374|58564575|6-6
img/characters/[sf]bs_block_1.png|0|80940|80940|58564575|58564638|58645578|6-6
img/characters/[sf]bs_block_2.png|0|81386|81386|58645578|58645641|58727027|6-6
img/characters/[sf]bs_something_heads.png|0|9100|9100|58727027|58727098|58736198|6-6
img/characters/[sf]bubble_bills.png|0|417|417|58736198|58736263|58736680|6-6
img/characters/[sf]bubble_collect.png|0|528|528|58736680|58736747|58737275|6-6
img/characters/[sf]bubble_hi.png|0|385|385|58737275|58737337|58737722|6-6
img/characters/[sf]bubble_insurance.png|0|442|442|58737722|58737791|58738233|6-6
img/characters/[sf]bubble_i_know.png|0|510|510|58738233|58738299|58738809|6-6
img/characters/[sf]bubble_loser.png|0|363|363|58738809|58738874|58739237|6-6
img/characters/[sf]bubble_you_won.png|0|524|524|58739237|58739304|58739828|6-6
img/characters/[sf]burning_city.png|0|73485|73485|58739828|58739893|58813378|6-6
img/characters/[sf]cat.png|0|2077|2077|58813378|58813434|58815511|6-6
img/characters/[sf]cattail_barn.png|0|76970|76970|58815511|58815576|58892546|6-6
img/characters/[sf]chandelieron.png|0|4113|4113|58892546|58892611|58896724|6-6
img/characters/[sf]christmas_tree.png|0|80705|80705|58896724|58896791|58977496|6-6
img/characters/[sf]coolest_trophy.png|0|63509|63509|58977496|58977563|59041072|6-6
img/characters/[sf]cuddle_1.png|0|92776|92776|59041072|59041133|59133909|6-6
img/characters/[sf]cuddle_2.png|0|93061|93061|59133909|59133970|59227031|6-6
img/characters/[sf]day_piano.png|0|70306|70306|59227031|59227093|59297399|6-6
img/characters/[sf]day_piano_empty.png|0|70260|70260|59297399|59297467|59367727|6-6
img/characters/[sf]dock_down.png|0|110|110|59367727|59367789|59367899|6-6
img/characters/[sf]dock_left.png|0|108|108|59367899|59367961|59368069|6-6
img/characters/[sf]dock_right.png|0|108|108|59368069|59368132|59368240|6-6
img/characters/[sf]dock_up.png|0|108|108|59368240|59368300|59368408|6-6
img/characters/[sf]door1.png|0|64720|64720|59368408|59368466|59433186|6-6
img/characters/[sf]door2.png|0|66531|66531|59433186|59433244|59499775|6-6
img/characters/[sf]dw_dino3.png|0|2085|2085|59499775|59499836|59501921|6-6
img/characters/[sf]dw_tree_no_tire.png|0|2431|2431|59501921|59501989|59504420|6-6
img/characters/[sf]dw_tree_tire.png|0|3743|3743|59504420|59504485|59508228|6-6
img/characters/[sf]eyes.png|0|3110|3110|59508228|59508285|59511395|6-6
img/characters/[sf]family_photo.png|0|69997|69997|59511395|59511460|59581457|6-6
img/characters/[sf]fa_basil_tv.png|0|3477|3477|59581457|59581521|59584998|6-6
img/characters/[sf]frames.png|0|79986|79986|59584998|59585057|59665043|6-6
img/characters/[sf]gator_statue.png|0|51983|51983|59665043|59665108|59717091|6-6
img/characters/[sf]hair.png|0|74398|74398|59717091|59717148|59791546|6-6
img/characters/[sf]hanging.png|0|65842|65842|59791546|59791606|59857448|6-6
img/characters/[sf]hero_frame.png|0|76529|76529|59857448|59857511|59934040|6-6
img/characters/[sf]highlight.png|0|13884|13884|59934040|59934102|59947986|6-6
img/characters/[sf]jawsum.png|0|1465|1465|59947986|59948045|59949510|6-6
img/characters/[sf]junk_crate.png|0|240|240|59949510|59949573|59949813|6-6
img/characters/[sf]library_light.png|0|55514|55514|59949813|59949879|60005393|6-6
img/characters/[sf]library_shelf.png|0|2810|2810|60005393|60005459|60008269|6-6
img/characters/[sf]lifejam_guy.png|0|1997|1997|60008269|60008333|60010330|6-6
img/characters/[sf]mannequin.png|0|5897|5897|60010330|60010392|60016289|6-6
img/characters/[sf]mannequin2.png|0|5770|5770|60016289|60016352|60022122|6-6
img/characters/[sf]mannequin3.png|0|4967|4967|60022122|60022185|60027152|6-6
img/characters/[sf]mannequin4.png|0|3355|3355|60027152|60027215|60030570|6-6
img/characters/[sf]mannequin5.png|0|4614|4614|60030570|60030633|60035247|6-6
img/characters/[sf]mari.png|0|333|333|60035247|60035304|60035637|6-6
img/characters/[sf]mari_coffin.png|0|79963|79963|60035637|60035701|60115664|6-6
img/characters/[sf]moms_car.png|0|738|738|60115664|60115725|60116463|6-6
img/characters/[sf]moving_car.png|0|912|912|60116463|60116526|60117438|6-6
img/characters/[sf]night_big_curtain_night_closed.png|0|854|854|60117438|60117521|60118375|6-6
img/characters/[sf]night_big_curtain_night_closed_2.png|0|71373|71373|60118375|60118460|60189833|6-6
img/characters/[sf]night_big_curtain_night_closed_3.png|0|73090|73090|60189833|60189918|60263008|6-6
img/characters/[sf]night_carpet.png|0|56822|56822|60263008|60263073|60319895|6-6
img/characters/[sf]night_duet_curtain_light.png|0|6546|6546|60319895|60319972|60326518|6-6
img/characters/[sf]night_duet_curtain_light_2.png|0|74869|74869|60326518|60326597|60401466|6-6
img/characters/[sf]night_piano.png|0|57299|57299|60401466|60401530|60458829|6-6
img/characters/[sf]night_piano_2.png|0|57496|57496|60458829|60458895|60516391|6-6
img/characters/[sf]night_piano_2_sheet.png|0|56602|56602|60516391|60516463|60573065|6-6
img/characters/[sf]night_piano_2_up.png|0|56860|56860|60573065|60573134|60629994|6-6
img/characters/[sf]night_red_curtain_light.png|0|8888|8888|60629994|60630070|60638958|6-6
img/characters/[sf]omori_tendrils.png|0|2265|2265|60638958|60639025|60641290|6-6
img/characters/[sf]picnic.png|0|79072|79072|60641290|60641349|60720421|6-6
img/characters/[sf]picnic_blue.png|0|78996|78996|60720421|60720485|60799481|6-6
img/characters/[sf]pluggedin.png|0|523|523|60799481|60799543|60800066|6-6
img/characters/[sf]pluggedout.png|0|488|488|60800066|60800129|60800617|6-6
img/characters/[sf]pool.png|0|7742|7742|60800617|60800674|60808416|6-6
img/characters/[sf]potato.png|0|586|586|60808416|60808475|60809061|6-6
img/characters/[sf]recital_door.png|0|73274|73274|60809061|60809126|60882400|6-6
img/characters/[sf]recyclebin.png|0|82180|82180|60882400|60882463|60964643|6-6
img/characters/[sf]sand_city.png|0|83139|83139|60964643|60964705|61047844|6-6
img/characters/[sf]sbf_ship.png|0|1964|1964|61047844|61047905|61049869|6-6
img/characters/[sf]silent_cat.png|0|876|876|61049869|61049932|61050808|6-6
img/characters/[sf]spaceline.png|0|49092|49092|61050808|61050870|61099962|6-6
img/characters/[sf]sw_audience.png|0|3075|3075|61099962|61100026|61103101|6-6
img/characters/[sf]sw_cake.png|0|76337|76337|61103101|61103161|61179498|6-6
img/characters/[sf]sw_door.png|0|3132|3132|61179498|61179558|61182690|6-6
img/characters/[sf]sw_hole.png|0|1717|1717|61182690|61182750|61184467|6-6
img/characters/[sf]sw_hole_2.png|0|1572|1572|61184467|61184529|61186101|6-6
img/characters/[sf]sw_hole_3.png|0|1610|1610|61186101|61186163|61187773|6-6
img/characters/[sf]sw_object_1.png|0|75541|75541|61187773|61187837|61263378|6-6
img/characters/[sf]sw_object_2.png|0|47327|47327|61263378|61263442|61310769|6-6
img/characters/[sf]sw_object_3.png|0|640|640|61310769|61310833|61311473|6-6
img/characters/[sf]sw_object_4.png|0|79226|79226|61311473|61311537|61390763|6-6
img/characters/[sf]sw_object_5.png|0|79255|79255|61390763|61390827|61470082|6-6
img/characters/[sf]sw_object_6.png|0|46993|46993|61470082|61470146|61517139|6-6
img/characters/[sf]sw_object_7.png|0|1482|1482|61517139|61517203|61518685|6-6
img/characters/[sf]teddy.png|0|535|535|61518685|61518743|61519278|6-6
img/characters/[sf]teddy2.png|0|640|640|61519278|61519337|61519977|6-6
img/characters/[sf]teddy3.png|0|472|472|61519977|61520036|61520508|6-6
img/characters/[sf]tree_glow.png|0|71077|71077|61520508|61520570|61591647|6-6
img/characters/[sf]tree_shadow.png|0|69423|69423|61591647|61591711|61661134|6-6
img/characters/[sf]tv1.png|0|75307|75307|61661134|61661190|61736497|6-6
img/characters/[sf]tv2.png|0|75312|75312|61736497|61736553|61811865|6-6
img/characters/[sf]tv3.png|0|74919|74919|61811865|61811921|61886840|6-6
img/characters/[sf]ugly_plant_creature.png|0|79399|79399|61886840|61886912|61966311|6-6
img/characters/[sf]ugly_plant_creature_dead.png|0|80873|80873|61966311|61966388|62047261|6-6
img/characters/[sf]wall.png|0|1662|1662|62047261|62047318|62048980|6-6
img/characters/[sf]ws_floor.png|0|1685|1685|62048980|62049041|62050726|6-6
img/characters/[sf]ws_string.png|0|1891|1891|62050726|62050788|62052679|6-6
img/characters/_abyss_abbi_tentacle.png|0|5208|5208|62052679|62052748|62057956|6-6
img/characters/_abyss_abbi_tentacle2.png|0|4506|4506|62057956|62058026|62062532|6-6
img/characters/_basil_climb.png|0|56936|56936|62062532|62062593|62119529|6-6
img/characters/_basil_shadow.png|0|733|733|62119529|62119591|62120324|6-6
img/characters/_bs_basil_gates.png|0|13317|13317|62120324|62120388|62133705|6-6
img/characters/_bs_basil_grab.png|0|41793|41793|62133705|62133768|62175561|6-6
img/characters/_bs_basil_something.png|0|11121|11121|62175561|62175629|62186750|6-6
img/characters/_bs_basil_something_2.png|0|7761|7761|62186750|62186820|62194581|6-6
img/characters/_bs_basil_something_grow.png|0|270849|270849|62194581|62194654|62465503|6-6
img/characters/_bs_basil_wave_of_hands_1.png|0|12180|12180|62465503|62465577|62477757|6-6
img/characters/_bs_basil_wave_of_hands_2.png|0|4393|4393|62477757|62477831|62482224|6-6
img/characters/_bs_basil_wave_of_hands_3.png|0|484|484|62482224|62482298|62482782|6-6
img/characters/_bs_bluebird.png|0|1736|1736|62482782|62482843|62484579|6-6
img/characters/_bs_bluegirl.png|0|1133|1133|62484579|62484640|62485773|6-6
img/characters/_bs_dance.png|0|7161|7161|62485773|62485831|62492992|6-6
img/characters/_bs_elevator.png|0|50824|50824|62492992|62493053|62543877|6-6
img/characters/_bs_en_anglerfish__7_.png|0|6661|6661|62543877|62543947|62550608|6-6
img/characters/_bs_en_baby_spider.png|0|1634|1634|62550608|62550675|62552309|6-6
img/characters/_bs_en_cindi__8_.png|0|7708|7708|62552309|62552374|62560082|6-6
img/characters/_bs_en_dorothi__9_.png|0|11871|11871|62560082|62560149|62572020|6-6
img/characters/_bs_en_lili__4_.png|0|16695|16695|62572020|62572084|62588779|6-6
img/characters/_bs_en_merci__4_.png|0|3502|3502|62588779|62588844|62592346|6-6
img/characters/_bs_en_nanci__7_.png|0|20147|20147|62592346|62592411|62612558|6-6
img/characters/_bs_en_salli__4_.png|0|3701|3701|62612558|62612623|62616324|6-6
img/characters/_bs_en_something.png|0|95896|95896|62616324|62616389|62712285|6-6
img/characters/_bs_expand.png|0|16348|16348|62712285|62712344|62728692|6-6
img/characters/_bs_fan.png|0|73762|73762|62728692|62728748|62802510|6-6
img/characters/_bs_fire.png|0|65051|65051|62802510|62802567|62867618|6-6
img/characters/_bs_hair.png|0|73365|73365|62867618|62867675|62941040|6-6
img/characters/_bs_hospital.png|0|80353|80353|62941040|62941101|63021454|6-6
img/characters/_bs_mari_hair.png|0|83626|83626|63021454|63021516|63105142|6-6
img/characters/_bs_melt.png|0|3115|3115|63105142|63105199|63108314|6-6
img/characters/_bs_mom.png|0|48428|48428|63108314|63108370|63156798|6-6
img/characters/_bs_objects_huge.png|0|46220|46220|63156798|63156863|63203083|6-6
img/characters/_bs_objects_large.png|0|12400|12400|63203083|63203149|63215549|6-6
img/characters/_bs_objects_medium.png|0|71557|71557|63215549|63215616|63287173|6-6
img/characters/_bs_objects_web.png|0|71711|71711|63287173|63287237|63358948|6-6
img/characters/_bs_omori_wave_of_hands.png|0|1125|1125|63358948|63359020|63360145|6-6
img/characters/_bs_raft.png|0|62131|62131|63360145|63360202|63422333|6-6
img/characters/_bs_shadow.png|0|82607|82607|63422333|63422392|63504999|6-6
img/characters/_bs_shadow_basil_something.png|0|134484|134484|63504999|63505074|63639558|6-6
img/characters/_bs_skeletons.png|0|13205|13205|63639558|63639620|63652825|6-6
img/characters/_bs_skittlingspiders.png|0|2581|2581|63652825|63652894|63655475|6-6
img/characters/_bs_snakehand.png|0|5448|5448|63655475|63655537|63660985|6-6
img/characters/_bs_spider_fridge.png|0|1885|1885|63660985|63661051|63662936|6-6
img/characters/_bs_spotlight.png|0|1984|1984|63662936|63662998|63664982|6-6
img/characters/_bs_stair_holes.png|0|29613|29613|63664982|63665046|63694659|6-6
img/characters/_bs_tetherballpinata.png|0|2450|2450|63694659|63694728|63697178|6-6
img/characters/_bs_ufo.png|0|49368|49368|63697178|63697234|63746602|6-6
img/characters/_butterflywhite__4_.png|0|467|467|63746602|63746670|63747137|6-6
img/characters/_butterfly___4_.png|0|467|467|63747137|63747201|63747668|6-6
img/characters/_diner_karaoke.png|0|2200|2200|63747668|63747731|63749931|6-6
img/characters/_door.png|0|669|669|63749931|63749985|63750654|6-6
img/characters/_dustpile.png|0|71554|71554|63750654|63750712|63822266|6-6
img/characters/_dw_aubrey_blood.png|0|2011|2011|63822266|63822331|63824342|6-6
img/characters/_dw_aubrey_flour_run__8_.png|0|2594|2594|63824342|63824415|63827009|6-6
img/characters/_dw_aubrey_masked_run__8_.png|0|2809|2809|63827009|63827083|63829892|6-6
img/characters/_dw_aubrey_run__8_.png|0|2236|2236|63829892|63829959|63832195|6-6
img/characters/_dw_aubrey_stump.png|0|2727|2727|63832195|63832260|63834987|6-6
img/characters/_dw_basil_run__8_.png|0|34869|34869|63834987|63835053|63869922|6-6
img/characters/_dw_basil_sleep.png|0|81611|81611|63869922|63869986|63951597|6-6
img/characters/_dw_basil_something.png|0|12660|12660|63951597|63951665|63964325|6-6
img/characters/_dw_bookcase_open.png|0|5484|5484|63964325|63964391|63969875|6-6
img/characters/_dw_club_sandwich.png|0|2522|2522|63969875|63969941|63972463|6-6
img/characters/_dw_club_sandwich_door.png|0|80698|80698|63972463|63972534|64053232|6-6
img/characters/_dw_dd_summoningcircle.png|0|87541|87541|64053232|64053303|64140844|6-6
img/characters/_dw_dino.png|0|4473|4473|64140844|64140901|64145374|6-6
img/characters/_dw_dino2.png|0|789|789|64145374|64145432|64146221|6-6
img/characters/_dw_dough_ball.png|0|6991|6991|64146221|64146284|64153275|6-6
img/characters/_dw_dough_ball__4_.png|0|20702|20702|64153275|64153342|64174044|6-6
img/characters/_dw_dr_pinkbeard.png|0|2512|2512|64174044|64174109|64176621|6-6
img/characters/_dw_elevator.png|0|938|938|64176621|64176682|64177620|6-6
img/characters/_dw_en_pf_spider_cat.png|0|3886|3886|64177620|64177689|64181575|6-6
img/characters/_dw_en_pf_spider_cat_transform.png|0|3718|3718|64181575|64181654|64185372|6-6
img/characters/_dw_en_pf_spider_cat_transform__silhouette_.png|0|3715|3715|64185372|64185464|64189179|6-6
img/characters/_dw_ff_space_pirate_icee.png|0|2854|2854|64189179|64189252|64192106|6-6
img/characters/_dw_ff_summoningcircle.png|0|83176|83176|64192106|64192177|64275353|6-6
img/characters/_dw_gp_pinata.png|0|1596|1596|64275353|64275415|64277011|6-6
img/characters/_dw_hero_charm_masked.png|0|1090|1090|64277011|64277081|64278171|6-6
img/characters/_dw_hero_flour_run__8_.png|0|32877|32877|64278171|64278242|64311119|6-6
img/characters/_dw_hero_masked_run__8_.png|0|2665|2665|64311119|64311191|64313856|6-6
img/characters/_dw_hero_run__8_.png|0|3852|3852|64313856|64313921|64317773|6-6
img/characters/_dw_kel_flour_run__8_.png|0|29942|29942|64317773|64317843|64347785|6-6
img/characters/_dw_kel_masked_run__8_.png|0|38594|38594|64347785|64347856|64386450|6-6
img/characters/_dw_kel_run__8_.png|0|3316|3316|64386450|64386514|64389830|6-6
img/characters/_dw_king_crawler.png|0|77658|77658|64389830|64389895|64467553|6-6
img/characters/_dw_lifejam_guy.png|0|3175|3175|64467553|64467617|64470792|6-6
img/characters/_dw_lr_jawsum_contract.png|0|8486|8486|64470792|64470863|64479349|6-6
img/characters/_dw_mari_hero_hug.png|0|39680|39680|64479349|64479415|64519095|6-6
img/characters/_dw_mari_omori_hug.png|0|3213|3213|64519095|64519162|64522375|6-6
img/characters/_dw_mari_omori_hug_mirror.png|0|3361|3361|64522375|64522449|64525810|6-6
img/characters/_dw_mushroom_jump.png|0|3383|3383|64525810|64525876|64529259|6-6
img/characters/_dw_mushroom_man.png|0|2368|2368|64529259|64529324|64531692|6-6
img/characters/_dw_mushroom_mentor.png|0|2640|2640|64531692|64531760|64534400|6-6
img/characters/_dw_npc_18.png|0|57550|57550|64534400|64534459|64592009|6-6
img/characters/_dw_omori_dig_run__8_.png|0|1991|1991|64592009|64592079|64594070|6-6
img/characters/_dw_omori_flour_run__8_.png|0|3964|3964|64594070|64594142|64598106|6-6
img/characters/_dw_omori_f_run__8_.png|0|2872|2872|64598106|64598174|64601046|6-6
img/characters/_dw_omori_masked_run__8_.png|0|37995|37995|64601046|64601119|64639114|6-6
img/characters/_dw_omori_run__8_.png|0|1307|1307|64639114|64639180|64640487|6-6
img/characters/_dw_omori_sink.png|0|1463|1463|64640487|64640550|64642013|6-6
img/characters/_dw_ot_crow.png|0|493|493|64642013|64642073|64642566|6-6
img/characters/_dw_ot_jj_dance_1__4_.png|0|4375|4375|64642566|64642636|64647011|6-6
img/characters/_dw_ot_jj_dance_2__8_.png|0|7909|7909|64647011|64647081|64654990|6-6
img/characters/_dw_ot_scarecrow.png|0|767|767|64654990|64655055|64655822|6-6
img/characters/_dw_ot_scarecrow__1_.png|0|1785|1785|64655822|64655891|64657676|6-6
img/characters/_dw_pessi.png|0|2994|2994|64657676|64657734|64660728|6-6
img/characters/_dw_pf_dead_moles.png|0|6477|6477|64660728|64660794|64667271|6-6
img/characters/_dw_pf_fire.png|0|67021|67021|64667271|64667331|64734352|6-6
img/characters/_dw_pinwheel.png|0|74606|74606|64734352|64734413|64809019|6-6
img/characters/_dw_playground_pole.png|0|2544|2544|64809019|64809087|64811631|6-6
img/characters/_dw_playground_slide.png|0|1421|1421|64811631|64811700|64813121|6-6
img/characters/_dw_pluto_fountain.png|0|4084|4084|64813121|64813188|64817272|6-6
img/characters/_dw_pluto_liftoff.png|0|4593|4593|64817272|64817338|64821931|6-6
img/characters/_dw_pluto_liftoff__dark_outline_.png|0|4591|4591|64821931|64822012|64826603|6-6
img/characters/_dw_puzzleobjects_4.png|0|44228|44228|64826603|64826671|64870899|6-6
img/characters/_dw_pyramid_gate.png|0|939|939|64870899|64870964|64871903|6-6
img/characters/_dw_rococo_art.png|0|7014|7014|64871903|64871966|64878980|6-6
img/characters/_dw_roof.png|0|50547|50547|64878980|64879037|64929584|6-6
img/characters/_dw_sg_whaley_burp.png|0|5466|5466|64929584|64929651|64935117|6-6
img/characters/_dw_sign.png|0|5642|5642|64935117|64935174|64940816|6-6
img/characters/_dw_sleepingchars.png|0|4581|4581|64940816|64940882|64945463|6-6
img/characters/_dw_sm_bandito_mole.png|0|2762|2762|64945463|64945531|64948293|6-6
img/characters/_dw_sprm_big.png|0|4230|4230|64948293|64948354|64952584|6-6
img/characters/_dw_swingingaxe.png|0|53695|53695|64952584|64952648|65006343|6-6
img/characters/_dw_sw_blackhole.png|0|49999|49999|65006343|65006408|65056407|6-6
img/characters/_dw_sw_bluebowmole.png|0|52588|52588|65056407|65056474|65109062|6-6
img/characters/_dw_sw_bluedressmole.png|0|53139|53139|65109062|65109131|65162270|6-6
img/characters/_dw_sw_cake.png|0|50231|50231|65162270|65162330|65212561|6-6
img/characters/_dw_sw_mole_hole.png|0|57785|57785|65212561|65212626|65270411|6-6
img/characters/_dw_sw_pinkbowmole.png|0|56376|56376|65270411|65270478|65326854|6-6
img/characters/_dw_sw_pinkdressmole.png|0|56388|56388|65326854|65326923|65383311|6-6
img/characters/_dw_sw_statue.png|0|3325|3325|65383311|65383373|65386698|6-6
img/characters/_dw_tophat.png|0|32656|32656|65386698|65386757|65419413|6-6
img/characters/_dw_uh_bridge.png|0|331|331|65419413|65419475|65419806|6-6
img/characters/_dw_vf_budgirl.png|0|2513|2513|65419806|65419869|65422382|6-6
img/characters/_dw_vf_trainpassengers.png|0|32670|32670|65422382|65422453|65455123|6-6
img/characters/_dw_vf_weeping_willow.png|0|796|796|65455123|65455193|65455989|6-6
img/characters/_dw_vf_weeping_willow_cry.png|0|1242|1242|65455989|65456063|65457305|6-6
img/characters/_dw_whaley_1.png|0|6219|6219|65457305|65457366|65463585|6-6
img/characters/_dw_whaley_2.png|0|5949|5949|65463585|65463646|65469595|6-6
img/characters/_dw_whaley_3.png|0|6835|6835|65469595|65469656|65476491|6-6
img/characters/_dw_whaley_4.png|0|3889|3889|65476491|65476552|65480441|6-6
img/characters/_faceguy.png|0|79484|79484|65480441|65480498|65559982|6-6
img/characters/_fa_aubreys_mom.png|0|2939|2939|65559982|65560046|65562985|6-6
img/characters/_fa_aubrey_run__8_.png|0|4315|4315|65562985|65563052|65567367|6-6
img/characters/_fa_basil_run__8_.png|0|2533|2533|65567367|65567433|65569966|6-6
img/characters/_fa_bowen.png|0|2544|2544|65569966|65570024|65572568|6-6
img/characters/_fa_brent_studying.png|0|29399|29399|65572568|65572635|65602034|6-6
img/characters/_fa_crisdad_barbecue.png|0|1447|1447|65602034|65602103|65603550|6-6
img/characters/_fa_curtains.png|0|5790|5790|65603550|65603611|65609401|6-6
img/characters/_fa_curtains__sunset_.png|0|5946|5946|65609401|65609471|65615417|6-6
img/characters/_fa_curtsey.png|0|3168|3168|65615417|65615477|65618645|6-6
img/characters/_fa_dustine.png|0|2379|2379|65618645|65618705|65621084|6-6
img/characters/_fa_en_recyclepath.png|0|34050|34050|65621084|65621151|65655201|6-6
img/characters/_fa_en_recycultist.png|0|4828|4828|65655201|65655268|65660096|6-6
img/characters/_fa_en_stray_dog.png|0|3597|3597|65660096|65660161|65663758|6-6
img/characters/_fa_gino.png|0|1269|1269|65663758|65663815|65665084|6-6
img/characters/_fa_hero_night_run__8_.png|0|78575|78575|65665084|65665155|65743730|6-6
img/characters/_fa_hero_run__8_.png|0|2004|2004|65743730|65743795|65745799|6-6
img/characters/_fa_hobo_smelly.png|0|1033|1033|65745799|65745863|65746896|6-6
img/characters/_fa_hobo_smelly2.png|0|1065|1065|65746896|65746961|65748026|6-6
img/characters/_fa_hobo_socrates.png|0|78305|78305|65748026|65748092|65826397|6-6
img/characters/_fa_j.png|0|1294|1294|65826397|65826451|65827745|6-6
img/characters/_fa_jesse.png|0|2478|2478|65827745|65827803|65830281|6-6
img/characters/_fa_jesse_chair.png|0|1347|1347|65830281|65830345|65831692|6-6
img/characters/_fa_joy.png|0|1028|1028|65831692|65831748|65832776|6-6
img/characters/_fa_joy_studying.png|0|1016|1016|65832776|65832841|65833857|6-6
img/characters/_fa_jukebox.png|0|4729|4729|65833857|65833917|65838646|6-6
img/characters/_fa_katie_cross.png|0|3033|3033|65838646|65838710|65841743|6-6
img/characters/_fa_kelsdad_barbecue.png|0|3236|3236|65841743|65841812|65845048|6-6
img/characters/_fa_kel_night_run__8_.png|0|77547|77547|65845048|65845118|65922665|6-6
img/characters/_fa_kel_run__8_.png|0|4061|4061|65922665|65922729|65926790|6-6
img/characters/_fa_kims_mom.png|0|3504|3504|65926790|65926851|65930355|6-6
img/characters/_fa_kimwithegg.png|0|2048|2048|65930355|65930418|65932466|6-6
img/characters/_fa_meatguy.png|0|3478|3478|65932466|65932526|65936004|6-6
img/characters/_fa_memory_secretlake_sleep.png|0|1561|1561|65936004|65936080|65937641|6-6
img/characters/_fa_movers.png|0|49665|49665|65937641|65937700|65987365|6-6
img/characters/_fa_nightobjects.png|0|2897|2897|65987365|65987430|65990327|6-6
img/characters/_fa_objects_2.png|0|9499|9499|65990327|65990389|65999888|6-6
img/characters/_fa_old_lady.png|0|2758|2758|65999888|65999949|66002707|6-6
img/characters/_fa_omoripizza_run__8_.png|0|2403|2403|66002707|66002778|66005181|6-6
img/characters/_fa_omori_basil_hug.png|0|2872|2872|66005181|66005249|66008121|6-6
img/characters/_fa_omori_night_run__8_.png|0|1991|1991|66008121|66008193|66010184|6-6
img/characters/_fa_omori_run__8_.png|0|3838|3838|66010184|66010250|66014088|6-6
img/characters/_fa_playerhouse_obj.png|0|8719|8719|66014088|66014156|66022875|6-6
img/characters/_fa_pretty_boy.png|0|1199|1199|66022875|66022938|66024137|6-6
img/characters/_fa_sally.png|0|1679|1679|66024137|66024195|66025874|6-6
img/characters/_fa_sarahs_dad.png|0|1305|1305|66025874|66025937|66027242|6-6
img/characters/_fa_sarahs_mom.png|0|1248|1248|66027242|66027305|66028553|6-6
img/characters/_fa_sunsettree.png|0|77927|77927|66028553|66028616|66106543|6-7
img/characters/_fa_swings.png|0|77566|77566|66106543|66106602|66184168|7-7
img/characters/_fa_swings2.png|0|77566|77566|66184168|66184228|66261794|7-7
img/characters/_fa_swings_2.png|0|78047|78047|66261794|66261855|66339902|7-7
img/characters/_fa_vancedad.png|0|4300|4300|66339902|66339963|66344263|7-7
img/characters/_fear_hands.png|0|2273|2273|66344263|66344323|66346596|7-7
img/characters/_gibs_sing__8_.png|0|2894|2894|66346596|66346659|66349553|7-7
img/characters/_glassomori.png|0|957|957|66349553|66349613|66350570|7-7
img/characters/_hairspiders.png|0|3822|3822|66350570|66350631|66354453|7-7
img/characters/_humphreyelevator.png|0|64970|64970|66354453|66354519|66419489|7-7
img/characters/_humphrey_elevator_up.png|0|64884|64884|66419489|66419559|66484443|7-7
img/characters/_jupiter.png|0|6951|6951|66484443|66484500|66491451|7-7
img/characters/_keeper_of_the_castle.png|0|77420|77420|66491451|66491521|66568941|7-7
img/characters/_kel_flag_1.png|0|4136|4136|66568941|66569001|66573137|7-7
img/characters/_kel_flag_2.png|0|2725|2725|66573137|66573197|66575922|7-7
img/characters/_marinabridge.png|0|154|154|66575922|66575984|66576138|7-7
img/characters/_marinatumor.png|0|147|147|66576138|66576199|66576346|7-7
img/characters/_mars.png|0|2703|2703|66576346|66576400|66579103|7-7
img/characters/_memory_objects.png|0|6078|6078|66579103|66579167|66585245|7-7
img/characters/_mercury.png|0|2704|2704|66585245|66585302|66588006|7-7
img/characters/_neptune.png|0|4206|4206|66588006|66588063|66592269|7-7
img/characters/_npc_kite.png|0|676|676|66592269|66592327|66593003|7-7
img/characters/_npc_kite_aubrey.png|0|72915|72915|66593003|66593068|66665983|7-7
img/characters/_npc_kite_hero.png|0|72899|72899|66665983|66666046|66738945|7-7
img/characters/_npc_kite_kel.png|0|72809|72809|66738945|66739007|66811816|7-7
img/characters/_npc_kite_omori.png|0|73489|73489|66811816|66811880|66885369|7-7
img/characters/_objects_dw_cheese.png|0|1609|1609|66885369|66885436|66887045|7-7
img/characters/_objects_dw_singing_bass_2.png|0|655|655|66887045|66887120|66887775|7-7
img/characters/_objects_fa_doors.png|0|4376|4376|66887775|66887841|66892217|7-7
img/characters/_objects_fa_doors_2.png|0|4900|4900|66892217|66892285|66897185|7-7
img/characters/_objects_fa_doors_3.png|0|6130|6130|66897185|66897253|66903383|7-7
img/characters/_objects_fa_doors_bs.png|0|38719|38719|66903383|66903452|66942171|7-7
img/characters/_objects_fa_doors_night_2.png|0|4535|4535|66942171|66942245|66946780|7-7
img/characters/_objects_fa_doors_night_3.png|0|2470|2470|66946780|66946854|66949324|7-7
img/characters/_objects_fa_doors_sunset_2.png|0|5385|5385|66949324|66949399|66954784|7-7
img/characters/_objects_fa_doors_sunset_3.png|0|3445|3445|66954784|66954859|66958304|7-7
img/characters/_objects_fa_night_doors.png|0|3250|3250|66958304|66958376|66961626|7-7
img/characters/_objects_fa_sunset_doors.png|0|4369|4369|66961626|66961699|66966068|7-7
img/characters/_objects_ot_coffee_maker.png|0|2582|2582|66966068|66966141|66968723|7-7
img/characters/_objects_pizza_doors_1.png|0|5211|5211|66968723|66968794|66974005|7-7
img/characters/_objects_pizza_doors_2.png|0|5074|5074|66974005|66974076|66979150|7-7
img/characters/_objects_spbf_statue.png|0|3765|3765|66979150|66979219|66982984|7-7
img/characters/_objects_sw_doors.png|0|840|840|66982984|66983050|66983890|7-7
img/characters/_objects_web.png|0|3823|3823|66983890|66983951|66987774|7-7
img/characters/_obj_dw_doors.png|0|3936|3936|66987774|66987836|66991772|7-7
img/characters/_obj_dw_gates.png|0|44855|44855|66991772|66991834|67036689|7-7
img/characters/_obj_dw_gates_2.png|0|40568|40568|67036689|67036753|67077321|7-7
img/characters/_obj_fa_doors_1.png|0|3978|3978|67077321|67077385|67081363|7-7
img/characters/_obj_fa_door_2.png|0|3334|3334|67081363|67081426|67084760|7-7
img/characters/_obj_light.png|0|4130|4130|67084760|67084819|67088949|7-7
img/characters/_obj_shadow.png|0|2872|2872|67088949|67089009|67091881|7-7
img/characters/_obj_stump.png|0|62943|62943|67091881|67091940|67154883|7-7
img/characters/_obj_sweetheart_switches.png|0|31974|31974|67154883|67154956|67186930|7-7
img/characters/_obj_sw_sculpture.png|0|3800|3800|67186930|67186996|67190796|7-7
img/characters/_obj_sw_statue.png|0|3986|3986|67190796|67190859|67194845|7-7
img/characters/_obj_tollgate.png|0|1685|1685|67194845|67194907|67196592|7-7
img/characters/_popcorngirl.png|0|79734|79734|67196592|67196653|67276387|7-7
img/characters/_reckut.png|0|91168|91168|67276387|67276443|67367611|7-7
img/characters/_sf_anvil.png|0|79367|79367|67367611|67367669|67447036|7-7
img/characters/_sf_basil_sign.png|0|440|440|67447036|67447099|67447539|7-7
img/characters/_sf_bbb.png|0|40550|40550|67447539|67447595|67488145|7-7
img/characters/_sf_bed.png|0|1922|1922|67488145|67488201|67490123|7-7
img/characters/_sf_black_car.png|0|2435|2435|67490123|67490185|67492620|7-7
img/characters/_sf_blanket_fort_above.png|0|73338|73338|67492620|67492691|67566029|7-7
img/characters/_sf_blanket_fort_empty.png|0|75529|75529|67566029|67566100|67641629|7-7
img/characters/_sf_branch_coral.png|0|5089|5089|67641629|67641694|67646783|7-7
img/characters/_sf_branch_coral_dead.png|0|4314|4314|67646783|67646853|67651167|7-7
img/characters/_sf_bread.png|0|4365|4365|67651167|67651225|67655590|7-7
img/characters/_sf_br_jawsum.png|0|1464|1464|67655590|67655652|67657116|7-7
img/characters/_sf_bs_basilhead_1.png|0|71276|71276|67657116|67657183|67728459|7-7
img/characters/_sf_bs_basilhead_2.png|0|71201|71201|67728459|67728526|67799727|7-7
img/characters/_sf_bs_block_1.png|0|80940|80940|67799727|67799790|67880730|7-7
img/characters/_sf_bs_block_2.png|0|81386|81386|67880730|67880793|67962179|7-7
img/characters/_sf_bs_something_heads.png|0|9100|9100|67962179|67962250|67971350|7-7
img/characters/_sf_bubble_bills.png|0|417|417|67971350|67971415|67971832|7-7
img/characters/_sf_bubble_collect.png|0|528|528|67971832|67971899|67972427|7-7
img/characters/_sf_bubble_hi.png|0|385|385|67972427|67972489|67972874|7-7
img/characters/_sf_bubble_insurance.png|0|442|442|67972874|67972943|67973385|7-7
img/characters/_sf_bubble_i_know.png|0|510|510|67973385|67973451|67973961|7-7
img/characters/_sf_bubble_loser.png|0|363|363|67973961|67974026|67974389|7-7
img/characters/_sf_bubble_you_won.png|0|524|524|67974389|67974456|67974980|7-7
img/characters/_sf_burning_city.png|0|73485|73485|67974980|67975045|68048530|7-7
img/characters/_sf_cat.png|0|2077|2077|68048530|68048586|68050663|7-7
img/characters/_sf_cattail_barn.png|0|76970|76970|68050663|68050728|68127698|7-7
img/characters/_sf_chandelieron.png|0|4113|4113|68127698|68127763|68131876|7-7
img/characters/_sf_christmas_tree.png|0|80705|80705|68131876|68131943|68212648|7-7
img/characters/_sf_coolest_trophy.png|0|63509|63509|68212648|68212715|68276224|7-7
img/characters/_sf_cuddle_1.png|0|92776|92776|68276224|68276285|68369061|7-7
img/characters/_sf_cuddle_2.png|0|93061|93061|68369061|68369122|68462183|7-7
img/characters/_sf_day_piano.png|0|70306|70306|68462183|68462245|68532551|7-7
img/characters/_sf_day_piano_empty.png|0|70260|70260|68532551|68532619|68602879|7-7
img/characters/_sf_dock_down.png|0|110|110|68602879|68602941|68603051|7-7
img/characters/_sf_dock_left.png|0|108|108|68603051|68603113|68603221|7-7
img/characters/_sf_dock_right.png|0|108|108|68603221|68603284|68603392|7-7
img/characters/_sf_dock_up.png|0|108|108|68603392|68603452|68603560|7-7
img/characters/_sf_door1.png|0|64720|64720|68603560|68603618|68668338|7-7
img/characters/_sf_door2.png|0|66531|66531|68668338|68668396|68734927|7-7
img/characters/_sf_dw_dino3.png|0|2085|2085|68734927|68734988|68737073|7-7
img/characters/_sf_dw_tree_no_tire.png|0|2431|2431|68737073|68737141|68739572|7-7
img/characters/_sf_dw_tree_tire.png|0|3743|3743|68739572|68739637|68743380|7-7
img/characters/_sf_eyes.png|0|3110|3110|68743380|68743437|68746547|7-7
img/characters/_sf_family_photo.png|0|69997|69997|68746547|68746612|68816609|7-7
img/characters/_sf_fa_basil_tv.png|0|3477|3477|68816609|68816673|68820150|7-7
img/characters/_sf_frames.png|0|79986|79986|68820150|68820209|68900195|7-7
img/characters/_sf_gator_statue.png|0|51983|51983|68900195|68900260|68952243|7-7
img/characters/_sf_hair.png|0|74398|74398|68952243|68952300|69026698|7-7
img/characters/_sf_hanging.png|0|65842|65842|69026698|69026758|69092600|7-7
img/characters/_sf_hero_frame.png|0|76529|76529|69092600|69092663|69169192|7-7
img/characters/_sf_highlight.png|0|13884|13884|69169192|69169254|69183138|7-7
img/characters/_sf_jawsum.png|0|1465|1465|69183138|69183197|69184662|7-7
img/characters/_sf_junk_crate.png|0|240|240|69184662|69184725|69184965|7-7
img/characters/_sf_library_light.png|0|55514|55514|69184965|69185031|69240545|7-7
img/characters/_sf_library_shelf.png|0|2810|2810|69240545|69240611|69243421|7-7
img/characters/_sf_lifejam_guy.png|0|1997|1997|69243421|69243485|69245482|7-7
img/characters/_sf_mannequin.png|0|5897|5897|69245482|69245544|69251441|7-7
img/characters/_sf_mannequin2.png|0|5770|5770|69251441|69251504|69257274|7-7
img/characters/_sf_mannequin3.png|0|4967|4967|69257274|69257337|69262304|7-7
img/characters/_sf_mannequin4.png|0|3355|3355|69262304|69262367|69265722|7-7
img/characters/_sf_mannequin5.png|0|4614|4614|69265722|69265785|69270399|7-7
img/characters/_sf_mari.png|0|333|333|69270399|69270456|69270789|7-7
img/characters/_sf_mari_coffin.png|0|79963|79963|69270789|69270853|69350816|7-7
img/characters/_sf_moms_car.png|0|738|738|69350816|69350877|69351615|7-7
img/characters/_sf_moving_car.png|0|912|912|69351615|69351678|69352590|7-7
img/characters/_sf_night_big_curtain_night_closed.png|0|854|854|69352590|69352673|69353527|7-7
img/characters/_sf_night_big_curtain_night_closed_2.png|0|71373|71373|69353527|69353612|69424985|7-7
img/characters/_sf_night_big_curtain_night_closed_3.png|0|73090|73090|69424985|69425070|69498160|7-7
img/characters/_sf_night_carpet.png|0|56822|56822|69498160|69498225|69555047|7-7
img/characters/_sf_night_duet_curtain_light.png|0|6546|6546|69555047|69555124|69561670|7-7
img/characters/_sf_night_duet_curtain_light_2.png|0|74869|74869|69561670|69561749|69636618|7-7
img/characters/_sf_night_piano.png|0|57299|57299|69636618|69636682|69693981|7-7
img/characters/_sf_night_piano_2.png|0|57496|57496|69693981|69694047|69751543|7-7
img/characters/_sf_night_piano_2_sheet.png|0|56602|56602|69751543|69751615|69808217|7-7
img/characters/_sf_night_piano_2_up.png|0|56860|56860|69808217|69808286|69865146|7-7
img/characters/_sf_night_red_curtain_light.png|0|8888|8888|69865146|69865222|69874110|7-7
img/characters/_sf_omori_tendrils.png|0|2265|2265|69874110|69874177|69876442|7-7
img/characters/_sf_picnic.png|0|79072|79072|69876442|69876501|69955573|7-7
img/characters/_sf_picnic_blue.png|0|78996|78996|69955573|69955637|70034633|7-7
img/characters/_sf_pluggedin.png|0|523|523|70034633|70034695|70035218|7-7
img/characters/_sf_pluggedout.png|0|488|488|70035218|70035281|70035769|7-7
img/characters/_sf_pool.png|0|7742|7742|70035769|70035826|70043568|7-7
img/characters/_sf_potato.png|0|586|586|70043568|70043627|70044213|7-7
img/characters/_sf_recital_door.png|0|73274|73274|70044213|70044278|70117552|7-7
img/characters/_sf_recyclebin.png|0|82180|82180|70117552|70117615|70199795|7-7
img/characters/_sf_sand_city.png|0|83139|83139|70199795|70199857|70282996|7-7
img/characters/_sf_sbf_ship.png|0|1964|1964|70282996|70283057|70285021|7-7
img/characters/_sf_silent_cat.png|0|876|876|70285021|70285084|70285960|7-7
img/characters/_sf_spaceline.png|0|49092|49092|70285960|70286022|70335114|7-7
img/characters/_sf_sw_audience.png|0|3075|3075|70335114|70335178|70338253|7-7
img/characters/_sf_sw_cake.png|0|76337|76337|70338253|70338313|70414650|7-7
img/characters/_sf_sw_door.png|0|3132|3132|70414650|70414710|70417842|7-7
img/characters/_sf_sw_hole.png|0|1717|1717|70417842|70417902|70419619|7-7
img/characters/_sf_sw_hole_2.png|0|1572|1572|70419619|70419681|70421253|7-7
img/characters/_sf_sw_hole_3.png|0|1610|1610|70421253|70421315|70422925|7-7
img/characters/_sf_sw_object_1.png|0|75541|75541|70422925|70422989|70498530|7-7
img/characters/_sf_sw_object_2.png|0|47327|47327|70498530|70498594|70545921|7-7
img/characters/_sf_sw_object_3.png|0|640|640|70545921|70545985|70546625|7-7
img/characters/_sf_sw_object_4.png|0|79226|79226|70546625|70546689|70625915|7-7
img/characters/_sf_sw_object_5.png|0|79255|79255|70625915|70625979|70705234|7-7
img/characters/_sf_sw_object_6.png|0|46993|46993|70705234|70705298|70752291|7-7
img/characters/_sf_sw_object_7.png|0|1482|1482|70752291|70752355|70753837|7-7
img/characters/_sf_teddy.png|0|535|535|70753837|70753895|70754430|7-7
img/characters/_sf_teddy2.png|0|640|640|70754430|70754489|70755129|7-7
img/characters/_sf_teddy3.png|0|472|472|70755129|70755188|70755660|7-7
img/characters/_sf_tree_glow.png|0|71077|71077|70755660|70755722|70826799|7-7
img/characters/_sf_tree_shadow.png|0|69423|69423|70826799|70826863|70896286|7-7
img/characters/_sf_tv1.png|0|75307|75307|70896286|70896342|70971649|7-7
img/characters/_sf_tv2.png|0|75312|75312|70971649|70971705|71047017|7-7
img/characters/_sf_tv3.png|0|74919|74919|71047017|71047073|71121992|7-7
img/characters/_sf_ugly_plant_creature.png|0|79399|79399|71121992|71122064|71201463|7-7
img/characters/_sf_ugly_plant_creature_dead.png|0|80873|80873|71201463|71201540|71282413|7-7
img/characters/_sf_wall.png|0|1662|1662|71282413|71282470|71284132|7-7
img/characters/_sf_ws_floor.png|0|1685|1685|71284132|71284193|71285878|7-7
img/characters/_sf_ws_string.png|0|1891|1891|71285878|71285940|71287831|7-7
img/characters/_sgl_chimera.png|0|53830|53830|71287831|71287892|71341722|7-7
img/characters/_sgl_chimera_tube.png|0|13050|13050|71341722|71341788|71354838|7-7
img/characters/_sgl_facade.png|0|2990|2990|71354838|71354898|71357888|7-7
img/characters/_sgl_food.png|0|42609|42609|71357888|71357946|71400555|7-7
img/characters/_sgl_food_shadow.png|0|1554|1554|71400555|71400620|71402174|7-7
img/characters/_sgl_gate.png|0|53810|53810|71402174|71402232|71456042|7-7
img/characters/_sgl_humphrey_blob.png|0|552|552|71456042|71456109|71456661|7-7
img/characters/_sgl_humphrey_blob_2.png|0|1305|1305|71456661|71456730|71458035|7-7
img/characters/_sgl_humphrey_sink.png|0|516|516|71458035|71458102|71458618|7-7
img/characters/_sgl_humphrey_statue.png|0|3913|3913|71458618|71458687|71462600|7-7
img/characters/_sgl_humphrey_tumor.png|0|597|597|71462600|71462668|71463265|7-7
img/characters/_sgl_plant.png|0|50516|50516|71463265|71463324|71513840|7-7
img/characters/_sgl_tumor_bridge.png|0|3335|3335|71513840|71513906|71517241|7-7
img/characters/_shadow_memory_secretlake_sleep.png|0|70110|70110|71517241|71517321|71587431|7-7
img/characters/_spiderweb.png|0|1929|1929|71587431|71587490|71589419|7-7
img/characters/_sprite_dr_seacow_farmer.png|0|31888|31888|71589419|71589492|71621380|7-7
img/characters/_sprite_fa_gino.png|0|1269|1269|71621380|71621444|71622713|7-7
img/characters/_sprite_marina_labcoat.png|0|1637|1637|71622713|71622784|71624421|7-7
img/characters/_sprite_mutant_heart_table.png|0|1879|1879|71624421|71624496|71626375|7-7
img/characters/_sprite_pf_mush.png|0|31936|31936|71626375|71626439|71658375|7-7
img/characters/_sprite_robo_heart_chamber.png|0|4100|4100|71658375|71658450|71662550|7-7
img/characters/_sprite_sg_medusa_labcoat.png|0|1380|1380|71662550|71662624|71664004|7-7
img/characters/_sprite_sg_molly_labcoat.png|0|1566|1566|71664004|71664077|71665643|7-7
img/characters/_sprite_sweetheart_parasol.png|0|3027|3027|71665643|71665718|71668745|7-7
img/characters/_sprite_vf_kite_kid.png|0|828|828|71668745|71668813|71669641|7-7
img/characters/_sprite_vf_sprout_mole_bob.png|0|3521|3521|71669641|71669716|71673237|7-7
img/characters/_sprout_mole_goldknight.png|0|32888|32888|71673237|71673309|71706197|7-7
img/characters/_ss_planets1.png|0|3238|3238|71706197|71706258|71709496|7-7
img/characters/_ss_planets_2.png|0|5964|5964|71709496|71709558|71715522|7-7
img/characters/_tag_aubrey_barrel.png|0|1556|1556|71715522|71715589|71717145|7-7
img/characters/_tag_aubrey_hammer.png|0|79456|79456|71717145|71717212|71796668|7-7
img/characters/_tag_aubrey_hammer_masked.png|0|20059|20059|71796668|71796742|71816801|7-7
img/characters/_tag_omori_cut.png|0|5830|5830|71816801|71816864|71822694|7-7
img/characters/_toast.png|0|415|415|71822694|71822749|71823164|7-7
img/characters/_toasted.png|0|431|431|71823164|71823221|71823652|7-7
img/characters/_uranus.png|0|3418|3418|71823652|71823708|71827126|7-7
img/characters/_uvulaface.png|0|2258|2258|71827126|71827185|71829443|7-7
img/characters/_venus.png|0|3592|3592|71829443|71829498|71833090|7-7
img/characters/__cranecardboard.png|0|43580|43580|71833090|71833155|71876735|7-7
img/characters/__dw_aubreykel_stump.png|0|2367|2367|71876735|71876804|71879171|7-7
img/characters/__fa_omori_bathtub.png|0|1721|1721|71879171|71879238|71880959|7-7
img/characters/__nb_cateyes.png|0|9228|9228|71880959|71881020|71890248|7-7
img/characters/__objects_sweetheart_elevator.png|0|47319|47319|71890248|71890326|71937645|7-7
img/characters/__objects_sweetheart_gate.png|0|59364|59364|71937645|71937719|71997083|7-7
img/characters/__tools.png|0|978|978|71997083|71997139|71998117|7-7
img/enemies/!battle_abbi.png|0|41032|41032|71998117|71998175|72039207|7-7
img/enemies/!battle_abbi_tentacle.png|0|11275|11275|72039207|72039274|72050549|7-7
img/enemies/!battle_angel.png|0|34557|34557|72050549|72050608|72085165|7-7
img/enemies/!battle_angi.png|0|62829|62829|72085165|72085223|72148052|7-7
img/enemies/!battle_aubrey.png|0|50949|50949|72148052|72148112|72199061|7-7
img/enemies/!battle_bandito_mole.png|0|10944|10944|72199061|72199127|72210071|7-7
img/enemies/!battle_basil_something.png|0|124834|124834|72210071|72210140|72334974|7-7
img/enemies/!battle_bee.png|0|2767|2767|72334974|72335031|72337798|7-7
img/enemies/!battle_big_strong_tree.png|0|242243|242243|72337798|72337867|72580110|7-7
img/enemies/!battle_biscuit_doughie.png|0|109302|109302|72580110|72580179|72689481|7-7
img/enemies/!battle_blur.png|0|2200|2200|72689481|72689539|72691739|7-7
img/enemies/!battle_bread1.png|0|14585|14585|72691739|72691799|72706384|7-7
img/enemies/!battle_bread2.png|0|11779|11779|72706384|72706444|72718223|7-7
img/enemies/!battle_bread3.png|0|11943|11943|72718223|72718283|72730226|7-7
img/enemies/!battle_breadkids.png|0|88670|88670|72730226|72730289|72818959|7-7
img/enemies/!battle_bug_bunny.png|0|13033|13033|72818959|72819022|72832055|7-7
img/enemies/!battle_bun_bunny.png|0|11639|11639|72832055|72832118|72843757|7-7
img/enemies/!battle_celery.png|0|3894|3894|72843757|72843817|72847711|7-7
img/enemies/!battle_charlie.png|0|100149|100149|72847711|72847772|72947921|7-7
img/enemies/!battle_chicken.png|0|16532|16532|72947921|72947982|72964514|7-7
img/enemies/!battle_cilantro.png|0|6352|6352|72964514|72964576|72970928|7-7
img/enemies/!battle_copy_pasta.png|0|2788|2788|72970928|72970992|72973780|7-7
img/enemies/!battle_creepy_pasta.png|0|2766|2766|72973780|72973846|72976612|7-7
img/enemies/!battle_crow.png|0|5870|5870|72976612|72976670|72982540|7-7
img/enemies/!battle_cupcake_bunny.png|0|15573|15573|72982540|72982607|72998180|7-7
img/enemies/!battle_dial_up.png|0|32083|32083|72998180|72998241|73030324|7-7
img/enemies/!battle_doom_box.png|0|29088|29088|73030324|73030386|73059474|7-7
img/enemies/!battle_download_window.png|0|2119|2119|73059474|73059543|73061662|7-7
img/enemies/!battle_dust_bunny.png|0|13917|13917|73061662|73061726|73075643|7-7
img/enemies/!battle_earth.png|0|148384|148384|73075643|73075702|73224086|7-7
img/enemies/!battle_exhusband_sad.png|0|74760|74760|73224086|73224153|73298913|7-7
img/enemies/!battle_fear_of_dark.png|0|22546|22546|73298913|73298979|73321525|7-7
img/enemies/!battle_fear_of_water_1.png|0|65439|65439|73321525|73321594|73387033|7-7
img/enemies/!battle_fear_of_water_2.png|0|89015|89015|73387033|73387102|73476117|7-7
img/enemies/!battle_fear_of_water_3.png|0|104022|104022|73476117|73476186|73580208|7-7
img/enemies/!battle_fish_bunny.png|0|14238|14238|73580208|73580272|73594510|7-7
img/enemies/!battle_forest_bunny.png|0|12695|12695|73594510|73594576|73607271|7-7
img/enemies/!battle_forest_bunny_question.png|0|13303|13303|73607271|73607346|73620649|7-7
img/enemies/!battle_forest_bunny_upside_down.png|0|11168|11168|73620649|73620727|73631895|7-7
img/enemies/!battle_gator.png|0|63195|63195|73631895|73631954|73695149|7-7
img/enemies/!battle_ghost_bunny.png|0|12342|12342|73695149|73695214|73707556|7-7
img/enemies/!battle_ginger.png|0|7380|7380|73707556|73707616|73714996|7-7
img/enemies/!battle_gingerdeadman.png|0|12770|12770|73714996|73715063|73727833|7-7
img/enemies/!battle_hanging.png|0|2749|2749|73727833|73727894|73730643|7-7
img/enemies/!battle_harold.png|0|12304|12304|73730643|73730703|73743007|7-7
img/enemies/!battle_hooligans.png|0|641965|641965|73743007|73743070|74385035|7-7
img/enemies/!battle_horse_butt.png|0|11160|11160|74385035|74385099|74396259|7-7
img/enemies/!battle_horse_head.png|0|14350|14350|74396259|74396323|74410673|7-7
img/enemies/!battle_housefly.png|0|1733|1733|74410673|74410735|74412468|7-7
img/enemies/!battle_humphrey_face.png|0|8397|8397|74412468|74412535|74420932|7-7
img/enemies/!battle_humphrey_stage2.png|0|96288|96288|74420932|74421001|74517289|7-7
img/enemies/!battle_humphrey_uvula.png|0|34812|34812|74517289|74517357|74552169|7-7
img/enemies/!battle_humprhey.png|0|39476|39476|74552169|74552231|74591707|7-7
img/enemies/!battle_humprhey_swarm.png|0|108499|108499|74591707|74591775|74700274|7-7
img/enemies/!battle_hush_puppy.png|0|15147|15147|74700274|74700338|74715485|7-7
img/enemies/!battle_jackson.png|0|41266|41266|74715485|74715546|74756812|7-7
img/enemies/!battle_jawsum.png|0|57556|57556|74756812|74756872|74814428|7-7
img/enemies/!battle_kids_kite.png|0|21868|21868|74814428|74814491|74836359|7-7
img/enemies/!battle_kim.png|0|38383|38383|74836359|74836416|74874799|7-7
img/enemies/!battle_king_crawler.png|0|174705|174705|74874799|74874865|75049570|7-7
img/enemies/!battle_kite_kid.png|0|42526|42526|75049570|75049632|75092158|7-7
img/enemies/!battle_lab_rat.png|0|25218|25218|75092158|75092219|75117437|7-7
img/enemies/!battle_life_jam.png|0|65699|65699|75117437|75117499|75183198|7-7
img/enemies/!battle_living_bread.png|0|7959|7959|75183198|75183264|75191223|7-7
img/enemies/!battle_lucius.png|0|19856|19856|75191223|75191283|75211139|7-7
img/enemies/!battle_marina.png|0|78134|78134|75211139|75211199|75289333|7-7
img/enemies/!battle_marsha.png|0|17368|17368|75289333|75289393|75306761|7-7
img/enemies/!battle_maximus.png|0|12568|12568|75306761|75306822|75319390|7-7
img/enemies/!battle_medusa.png|0|71563|71563|75319390|75319450|75391013|7-7
img/enemies/!battle_milkshake_bunny.png|0|17471|17471|75391013|75391082|75408553|7-7
img/enemies/!battle_mixtape.png|0|14199|14199|75408553|75408614|75422813|7-7
img/enemies/!battle_molly.png|0|116953|116953|75422813|75422872|75539825|7-8
img/enemies/!battle_mussel.png|0|22102|22102|75539825|75539885|75561987|8-8
img/enemies/!battle_mutantheart.png|0|52810|52810|75561987|75562052|75614862|8-8
img/enemies/!battle_omori.png|0|28134|28134|75614862|75614921|75643055|8-8
img/enemies/!battle_omori_2.png|0|17921|17921|75643055|75643116|75661037|8-8
img/enemies/!battle_omori_3.png|0|10689|10689|75661037|75661098|75671787|8-8
img/enemies/!battle_omori_4.png|0|11707|11707|75671787|75671848|75683555|8-8
img/enemies/!battle_omori_5.png|0|16664|16664|75683555|75683616|75700280|8-8
img/enemies/!battle_omori_6.png|0|13422|13422|75700280|75700341|75713763|8-8
img/enemies/!battle_pancake_bunny.png|0|13849|13849|75713763|75713830|75727679|8-8
img/enemies/!battle_perfect_heart.png|0|69007|69007|75727679|75727746|75796753|8-8
img/enemies/!battle_pluto.png|0|25656|25656|75796753|75796812|75822468|8-8
img/enemies/!battle_pluto_beastiary.png|0|48540|48540|75822468|75822537|75871077|8-8
img/enemies/!battle_pluto_expanded.png|0|127208|127208|75871077|75871145|75998353|8-8
img/enemies/!battle_pluto_leftarm.png|0|12262|12262|75998353|75998420|76010682|8-8
img/enemies/!battle_pluto_rightarm.png|0|12471|12471|76010682|76010750|76023221|8-8
img/enemies/!battle_porcupie.png|0|16933|16933|76023221|76023283|76040216|8-8
img/enemies/!battle_potted_plant.png|0|18924|18924|76040216|76040282|76059206|8-8
img/enemies/!battle_rabbit.png|0|16574|16574|76059206|76059266|76075840|8-8
img/enemies/!battle_rare_bear.png|0|64985|64985|76075840|76075903|76140888|8-8
img/enemies/!battle_reckut.png|0|58026|58026|76140888|76140948|76198974|8-8
img/enemies/!battle_recycle_path.png|0|40425|40425|76198974|76199040|76239465|8-8
img/enemies/!battle_recyclist.png|0|35542|35542|76239465|76239528|76275070|8-8
img/enemies/!battle_recyclist_2.png|0|35629|35629|76275070|76275135|76310764|8-8
img/enemies/!battle_reverse_mermaid.png|0|16943|16943|76310764|76310833|76327776|8-8
img/enemies/!battle_roboheart.png|0|120761|120761|76327776|76327839|76448600|8-8
img/enemies/!battle_shadow_basil.png|0|20059|20059|76448600|76448666|76468725|8-8
img/enemies/!battle_shark_fin.png|0|7741|7741|76468725|76468788|76476529|8-8
img/enemies/!battle_shark_plane.png|0|37340|37340|76476529|76476594|76513934|8-8
img/enemies/!battle_slimegirls.png|0|175799|175799|76513934|76513998|76689797|8-8
img/enemies/!battle_slime_bunny.png|0|11855|11855|76689797|76689862|76701717|8-8
img/enemies/!battle_snaley.png|0|20210|20210|76701717|76701777|76721987|8-8
img/enemies/!battle_snot_bubble.png|0|16232|16232|76721987|76722052|76738284|8-8
img/enemies/!battle_snow_angel.png|0|98306|98306|76738284|76738348|76836654|8-8
img/enemies/!battle_snow_bunny.png|0|12335|12335|76836654|76836718|76849053|8-8
img/enemies/!battle_snow_pile.png|0|16178|16178|76849053|76849116|76865294|8-8
img/enemies/!battle_something.png|0|6798|6798|76865294|76865357|76872155|8-8
img/enemies/!battle_something_cindi.png|0|7455|7455|76872155|76872224|76879679|8-8
img/enemies/!battle_something_dorothi.png|0|27114|27114|76879679|76879750|76906864|8-8
img/enemies/!battle_something_in_the_dark.png|0|27374|27374|76906864|76906939|76934313|8-8
img/enemies/!battle_something_in_the_walls.png|0|31160|31160|76934313|76934389|76965549|8-8
img/enemies/!battle_something_in_the_walls_spider.png|0|2384|2384|76965549|76965632|76968016|8-8
img/enemies/!battle_something_in_the_water_1.png|0|79242|79242|76968016|76968094|77047336|8-8
img/enemies/!battle_something_in_the_water_2.png|0|96441|96441|77047336|77047414|77143855|8-8
img/enemies/!battle_something_in_the_water_3.png|0|107542|107542|77143855|77143933|77251475|8-8
img/enemies/!battle_something_lilli.png|0|16348|16348|77251475|77251544|77267892|8-8
img/enemies/!battle_something_merci.png|0|27395|27395|77267892|77267961|77295356|8-8
img/enemies/!battle_something_nanci.png|0|26583|26583|77295356|77295425|77322008|8-8
img/enemies/!battle_something_salli.png|0|3182|3182|77322008|77322077|77325259|8-8
img/enemies/!battle_space_bunny.png|0|14444|14444|77325259|77325324|77339768|8-8
img/enemies/!battle_space_exboyfriend.png|0|65982|65982|77339768|77339839|77405821|8-8
img/enemies/!battle_space_exhusband.png|0|76447|76447|77405821|77405890|77482337|8-8
img/enemies/!battle_space_exhusband_neutral.png|0|74760|74760|77482337|77482414|77557174|8-8
img/enemies/!battle_spider_cat.png|0|18458|18458|77557174|77557238|77575696|8-8
img/enemies/!battle_sprout_bunny.png|0|13207|13207|77575696|77575762|77588969|8-8
img/enemies/!battle_sprout_mole.png|0|10027|10027|77588969|77589034|77599061|8-8
img/enemies/!battle_sprout_mole_question.png|0|9946|9946|77599061|77599135|77609081|8-8
img/enemies/!battle_sprout_mole_questionmark.png|0|13860|13860|77609081|77609159|77623019|8-8
img/enemies/!battle_sprout_mole_upside_down.png|0|10158|10158|77623019|77623096|77633254|8-8
img/enemies/!battle_squizzard.png|0|16449|16449|77633254|77633317|77649766|8-8
img/enemies/!battle_strawberry_shortsnake.png|0|14823|14823|77649766|77649841|77664664|8-8
img/enemies/!battle_stray_dog.png|0|33481|33481|77664664|77664727|77698208|8-8
img/enemies/!battle_sweetheart.png|0|120190|120190|77698208|77698272|77818462|8-8
img/enemies/!battle_therese.png|0|12205|12205|77818462|77818523|77830728|8-8
img/enemies/!battle_the_maverick.png|0|42291|42291|77830728|77830794|77873085|8-8
img/enemies/!battle_toast_ghost.png|0|10888|10888|77873085|77873150|77884038|8-8
img/enemies/!battle_ufo.png|0|5826|5826|77884038|77884095|77889921|8-8
img/enemies/!battle_ugly_plant_creature.png|0|43545|43545|77889921|77889994|77933539|8-8
img/enemies/!battle_ugly_plant_creature_root.png|0|13945|13945|77933539|77933617|77947562|8-8
img/enemies/!battle_uncle_chip.png|0|82585|82585|77947562|77947626|78030211|8-8
img/enemies/!battle_vance.png|0|62629|62629|78030211|78030270|78092899|8-8
img/enemies/!battle_venus_flytrap.png|0|14710|14710|78092899|78092966|78107676|8-8
img/enemies/!battle_watermelon_mimic.png|0|22926|22926|78107676|78107746|78130672|8-8
img/enemies/!battle_wormhole.png|0|10988|10988|78130672|78130734|78141722|8-8
img/enemies/!battle_worm_bot.png|0|23976|23976|78141722|78141784|78165760|8-8
img/enemies/!battle_ye_old_sprout.png|0|95487|95487|78165760|78165827|78261314|8-8
img/enemies/!boss_hero.png|0|18095|18095|78261314|78261370|78279465|8-8
img/enemies/!simulation_aubrey.png|0|16901|16901|78279465|78279529|78296430|8-8
img/enemies/!simulation_hero.png|0|21137|21137|78296430|78296492|78317629|8-8
img/enemies/!simulation_kel.png|0|15342|15342|78317629|78317690|78333032|8-8
img/enemies/!simulation_mari.png|0|19551|19551|78333032|78333094|78352645|8-8
img/enemies/sprout_mole.png|0|10217|10217|78352645|78352702|78362919|8-8
img/enemies/_battle_abbi.png|0|41032|41032|78362919|78362977|78404009|8-8
img/enemies/_battle_abbi_tentacle.png|0|11275|11275|78404009|78404076|78415351|8-8
img/enemies/_battle_angel.png|0|34557|34557|78415351|78415410|78449967|8-8
img/enemies/_battle_angi.png|0|62829|62829|78449967|78450025|78512854|8-8
img/enemies/_battle_aubrey.png|0|50949|50949|78512854|78512914|78563863|8-8
img/enemies/_battle_bandito_mole.png|0|10944|10944|78563863|78563929|78574873|8-8
img/enemies/_battle_basil_something.png|0|124834|124834|78574873|78574942|78699776|8-8
img/enemies/_battle_bee.png|0|2767|2767|78699776|78699833|78702600|8-8
img/enemies/_battle_big_strong_tree.png|0|242243|242243|78702600|78702669|78944912|8-8
img/enemies/_battle_biscuit_doughie.png|0|109302|109302|78944912|78944981|79054283|8-8
img/enemies/_battle_blur.png|0|2200|2200|79054283|79054341|79056541|8-8
img/enemies/_battle_bread1.png|0|14585|14585|79056541|79056601|79071186|8-8
img/enemies/_battle_bread2.png|0|11779|11779|79071186|79071246|79083025|8-8
img/enemies/_battle_bread3.png|0|11943|11943|79083025|79083085|79095028|8-8
img/enemies/_battle_breadkids.png|0|88670|88670|79095028|79095091|79183761|8-8
img/enemies/_battle_bug_bunny.png|0|13033|13033|79183761|79183824|79196857|8-8
img/enemies/_battle_bun_bunny.png|0|11639|11639|79196857|79196920|79208559|8-8
img/enemies/_battle_celery.png|0|3894|3894|79208559|79208619|79212513|8-8
img/enemies/_battle_charlie.png|0|100149|100149|79212513|79212574|79312723|8-8
img/enemies/_battle_chicken.png|0|16532|16532|79312723|79312784|79329316|8-8
img/enemies/_battle_cilantro.png|0|6352|6352|79329316|79329378|79335730|8-8
img/enemies/_battle_copy_pasta.png|0|2788|2788|79335730|79335794|79338582|8-8
img/enemies/_battle_creepy_pasta.png|0|2766|2766|79338582|79338648|79341414|8-8
img/enemies/_battle_crow.png|0|5870|5870|79341414|79341472|79347342|8-8
img/enemies/_battle_cupcake_bunny.png|0|15573|15573|79347342|79347409|79362982|8-8
img/enemies/_battle_dial_up.png|0|32083|32083|79362982|79363043|79395126|8-8
img/enemies/_battle_doom_box.png|0|29088|29088|79395126|79395188|79424276|8-8
img/enemies/_battle_download_window.png|0|2119|2119|79424276|79424345|79426464|8-8
img/enemies/_battle_dust_bunny.png|0|13917|13917|79426464|79426528|79440445|8-8
img/enemies/_battle_earth.png|0|148384|148384|79440445|79440504|79588888|8-8
img/enemies/_battle_exhusband_sad.png|0|74760|74760|79588888|79588955|79663715|8-8
img/enemies/_battle_fear_of_dark.png|0|22546|22546|79663715|79663781|79686327|8-8
img/enemies/_battle_fear_of_water_1.png|0|65439|65439|79686327|79686396|79751835|8-8
img/enemies/_battle_fear_of_water_2.png|0|89015|89015|79751835|79751904|79840919|8-8
img/enemies/_battle_fear_of_water_3.png|0|104022|104022|79840919|79840988|79945010|8-8
img/enemies/_battle_fish_bunny.png|0|14238|14238|79945010|79945074|79959312|8-8
img/enemies/_battle_forest_bunny.png|0|12695|12695|79959312|79959378|79972073|8-8
img/enemies/_battle_forest_bunny_question.png|0|13303|13303|79972073|79972148|79985451|8-8
img/enemies/_battle_forest_bunny_upside_down.png|0|11168|11168|79985451|79985529|79996697|8-8
img/enemies/_battle_gator.png|0|63195|63195|79996697|79996756|80059951|8-8
img/enemies/_battle_ghost_bunny.png|0|12342|12342|80059951|80060016|80072358|8-8
img/enemies/_battle_ginger.png|0|7380|7380|80072358|80072418|80079798|8-8
img/enemies/_battle_gingerdeadman.png|0|12770|12770|80079798|80079865|80092635|8-8
img/enemies/_battle_hanging.png|0|2749|2749|80092635|80092696|80095445|8-8
img/enemies/_battle_harold.png|0|12304|12304|80095445|80095505|80107809|8-8
img/enemies/_battle_hooligans.png|0|641965|641965|80107809|80107872|80749837|8-8
img/enemies/_battle_horse_butt.png|0|11160|11160|80749837|80749901|80761061|8-8
img/enemies/_battle_horse_head.png|0|14350|14350|80761061|80761125|80775475|8-8
img/enemies/_battle_housefly.png|0|1733|1733|80775475|80775537|80777270|8-8
img/enemies/_battle_humphrey_face.png|0|8397|8397|80777270|80777337|80785734|8-8
img/enemies/_battle_humphrey_stage2.png|0|96288|96288|80785734|80785803|80882091|8-8
img/enemies/_battle_humphrey_uvula.png|0|34812|34812|80882091|80882159|80916971|8-8
img/enemies/_battle_humprhey.png|0|39476|39476|80916971|80917033|80956509|8-8
img/enemies/_battle_humprhey_swarm.png|0|108499|108499|80956509|80956577|81065076|8-8
img/enemies/_battle_hush_puppy.png|0|15147|15147|81065076|81065140|81080287|8-8
img/enemies/_battle_jackson.png|0|41266|41266|81080287|81080348|81121614|8-8
img/enemies/_battle_jawsum.png|0|57556|57556|81121614|81121674|81179230|8-8
img/enemies/_battle_kids_kite.png|0|21868|21868|81179230|81179293|81201161|8-8
img/enemies/_battle_kim.png|0|38383|38383|81201161|81201218|81239601|8-8
img/enemies/_battle_king_crawler.png|0|174705|174705|81239601|81239667|81414372|8-8
img/enemies/_battle_kite_kid.png|0|42526|42526|81414372|81414434|81456960|8-8
img/enemies/_battle_lab_rat.png|0|25218|25218|81456960|81457021|81482239|8-8
img/enemies/_battle_life_jam.png|0|65699|65699|81482239|81482301|81548000|8-8
img/enemies/_battle_living_bread.png|0|7959|7959|81548000|81548066|81556025|8-8
img/enemies/_battle_lucius.png|0|19856|19856|81556025|81556085|81575941|8-8
img/enemies/_battle_marina.png|0|78134|78134|81575941|81576001|81654135|8-8
img/enemies/_battle_marsha.png|0|17368|17368|81654135|81654195|81671563|8-8
img/enemies/_battle_maximus.png|0|12568|12568|81671563|81671624|81684192|8-8
img/enemies/_battle_medusa.png|0|71563|71563|81684192|81684252|81755815|8-8
img/enemies/_battle_milkshake_bunny.png|0|17471|17471|81755815|81755884|81773355|8-8
img/enemies/_battle_mixtape.png|0|14199|14199|81773355|81773416|81787615|8-8
img/enemies/_battle_molly.png|0|116953|116953|81787615|81787674|81904627|8-8
img/enemies/_battle_mussel.png|0|22102|22102|81904627|81904687|81926789|8-8
img/enemies/_battle_mutantheart.png|0|52810|52810|81926789|81926854|81979664|8-8
img/enemies/_battle_omori.png|0|28134|28134|81979664|81979723|82007857|8-8
img/enemies/_battle_omori_2.png|0|17921|17921|82007857|82007918|82025839|8-8
img/enemies/_battle_omori_3.png|0|10689|10689|82025839|82025900|82036589|8-8
img/enemies/_battle_omori_4.png|0|11707|11707|82036589|82036650|82048357|8-8
img/enemies/_battle_omori_5.png|0|16664|16664|82048357|82048418|82065082|8-8
img/enemies/_battle_omori_6.png|0|13422|13422|82065082|82065143|82078565|8-8
img/enemies/_battle_pancake_bunny.png|0|13849|13849|82078565|82078632|82092481|8-8
img/enemies/_battle_perfect_heart.png|0|69007|69007|82092481|82092548|82161555|8-8
img/enemies/_battle_pluto.png|0|25656|25656|82161555|82161614|82187270|8-8
img/enemies/_battle_pluto_beastiary.png|0|48540|48540|82187270|82187339|82235879|8-8
img/enemies/_battle_pluto_expanded.png|0|127208|127208|82235879|82235947|82363155|8-8
img/enemies/_battle_pluto_leftarm.png|0|12262|12262|82363155|82363222|82375484|8-8
img/enemies/_battle_pluto_rightarm.png|0|12471|12471|82375484|82375552|82388023|8-8
img/enemies/_battle_porcupie.png|0|16933|16933|82388023|82388085|82405018|8-8
img/enemies/_battle_potted_plant.png|0|18924|18924|82405018|82405084|82424008|8-8
img/enemies/_battle_rabbit.png|0|16574|16574|82424008|82424068|82440642|8-8
img/enemies/_battle_rare_bear.png|0|64985|64985|82440642|82440705|82505690|8-8
img/enemies/_battle_reckut.png|0|58026|58026|82505690|82505750|82563776|8-8
img/enemies/_battle_recycle_path.png|0|40425|40425|82563776|82563842|82604267|8-8
img/enemies/_battle_recyclist.png|0|35542|35542|82604267|82604330|82639872|8-8
img/enemies/_battle_recyclist_2.png|0|35629|35629|82639872|82639937|82675566|8-8
img/enemies/_battle_reverse_mermaid.png|0|16943|16943|82675566|82675635|82692578|8-8
img/enemies/_battle_roboheart.png|0|120761|120761|82692578|82692641|82813402|8-8
img/enemies/_battle_shadow_basil.png|0|20059|20059|82813402|82813468|82833527|8-8
img/enemies/_battle_shark_fin.png|0|7741|7741|82833527|82833590|82841331|8-8
img/enemies/_battle_shark_plane.png|0|37340|37340|82841331|82841396|82878736|8-8
img/enemies/_battle_slimegirls.png|0|175799|175799|82878736|82878800|83054599|8-8
img/enemies/_battle_slime_bunny.png|0|11855|11855|83054599|83054664|83066519|8-8
img/enemies/_battle_snaley.png|0|20210|20210|83066519|83066579|83086789|8-8
img/enemies/_battle_snot_bubble.png|0|16232|16232|83086789|83086854|83103086|8-8
img/enemies/_battle_snow_angel.png|0|98306|98306|83103086|83103150|83201456|8-8
img/enemies/_battle_snow_bunny.png|0|12335|12335|83201456|83201520|83213855|8-8
img/enemies/_battle_snow_pile.png|0|16178|16178|83213855|83213918|83230096|8-8
img/enemies/_battle_something.png|0|6798|6798|83230096|83230159|83236957|8-8
img/enemies/_battle_something_cindi.png|0|7455|7455|83236957|83237026|83244481|8-8
img/enemies/_battle_something_dorothi.png|0|27114|27114|83244481|83244552|83271666|8-8
img/enemies/_battle_something_in_the_dark.png|0|27374|27374|83271666|83271741|83299115|8-8
img/enemies/_battle_something_in_the_walls.png|0|31160|31160|83299115|83299191|83330351|8-8
img/enemies/_battle_something_in_the_walls_spider.png|0|2384|2384|83330351|83330434|83332818|8-8
img/enemies/_battle_something_in_the_water_1.png|0|79242|79242|83332818|83332896|83412138|8-8
img/enemies/_battle_something_in_the_water_2.png|0|96441|96441|83412138|83412216|83508657|8-8
img/enemies/_battle_something_in_the_water_3.png|0|107542|107542|83508657|83508735|83616277|8-8
img/enemies/_battle_something_lilli.png|0|16348|16348|83616277|83616346|83632694|8-8
img/enemies/_battle_something_merci.png|0|27395|27395|83632694|83632763|83660158|8-8
img/enemies/_battle_something_nanci.png|0|26583|26583|83660158|83660227|83686810|8-8
img/enemies/_battle_something_salli.png|0|3182|3182|83686810|83686879|83690061|8-8
img/enemies/_battle_space_bunny.png|0|14444|14444|83690061|83690126|83704570|8-8
img/enemies/_battle_space_exboyfriend.png|0|65982|65982|83704570|83704641|83770623|8-8
img/enemies/_battle_space_exhusband.png|0|76447|76447|83770623|83770692|83847139|8-8
img/enemies/_battle_space_exhusband_neutral.png|0|74760|74760|83847139|83847216|83921976|8-8
img/enemies/_battle_spider_cat.png|0|18458|18458|83921976|83922040|83940498|8-8
img/enemies/_battle_sprout_bunny.png|0|13207|13207|83940498|83940564|83953771|8-8
img/enemies/_battle_sprout_mole.png|0|10027|10027|83953771|83953836|83963863|8-8
img/enemies/_battle_sprout_mole_question.png|0|9946|9946|83963863|83963937|83973883|8-8
img/enemies/_battle_sprout_mole_questionmark.png|0|13860|13860|83973883|83973961|83987821|8-8
img/enemies/_battle_sprout_mole_upside_down.png|0|10158|10158|83987821|83987898|83998056|8-8
img/enemies/_battle_squizzard.png|0|16449|16449|83998056|83998119|84014568|8-8
img/enemies/_battle_strawberry_shortsnake.png|0|14823|14823|84014568|84014643|84029466|8-8
img/enemies/_battle_stray_dog.png|0|33481|33481|84029466|84029529|84063010|8-8
img/enemies/_battle_sweetheart.png|0|120190|120190|84063010|84063074|84183264|8-8
img/enemies/_battle_therese.png|0|12205|12205|84183264|84183325|84195530|8-8
img/enemies/_battle_the_maverick.png|0|42291|42291|84195530|84195596|84237887|8-8
img/enemies/_battle_toast_ghost.png|0|10888|10888|84237887|84237952|84248840|8-8
img/enemies/_battle_ufo.png|0|5826|5826|84248840|84248897|84254723|8-8
img/enemies/_battle_ugly_plant_creature.png|0|43545|43545|84254723|84254796|84298341|8-8
img/enemies/_battle_ugly_plant_creature_root.png|0|13945|13945|84298341|84298419|84312364|8-8
img/enemies/_battle_uncle_chip.png|0|82585|82585|84312364|84312428|84395013|8-8
img/enemies/_battle_vance.png|0|62629|62629|84395013|84395072|84457701|8-8
img/enemies/_battle_venus_flytrap.png|0|14710|14710|84457701|84457768|84472478|8-8
img/enemies/_battle_watermelon_mimic.png|0|22926|22926|84472478|84472548|84495474|8-8
img/enemies/_battle_wormhole.png|0|10988|10988|84495474|84495536|84506524|8-8
img/enemies/_battle_worm_bot.png|0|23976|23976|84506524|84506586|84530562|8-8
img/enemies/_battle_ye_old_sprout.png|0|95487|95487|84530562|84530629|84626116|8-8
img/faces/00_blank_.png|0|2876|2876|84626116|84626169|84629045|8-8
img/faces/01_fa_omori_battle.png|0|134926|134926|84629045|84629107|84764033|8-8
img/faces/01_omori_battle.png|0|198900|198900|84764033|84764092|84962992|8-9
img/faces/01_player_menu.png|0|26678|26678|84962992|84963050|84989728|9-9
img/faces/02_aubrey_battle.png|0|754022|754022|84989728|84989788|85743810|9-9
img/faces/02_aubrey_menu.png|0|23046|23046|85743810|85743868|85766914|9-9
img/faces/02_fa_aubrey_battle.png|0|207811|207811|85766914|85766977|85974788|9-9
img/faces/03_fa_kel_battle.png|0|155317|155317|85974788|85974848|86130165|9-9
img/faces/03_kel_battle.png|0|666751|666751|86130165|86130222|86796973|9-9
img/faces/03_kel_menu.png|0|16858|16858|86796973|86797028|86813886|9-9
img/faces/04_fa_hero_battle.png|0|155778|155778|86813886|86813947|86969725|9-9
img/faces/04_hero_battle.png|0|687099|687099|86969725|86969783|87656882|9-9
img/faces/04_hero_menu.png|0|20437|20437|87656882|87656938|87677375|9-9
img/faces/05_BASIL_BATTLE.png|0|1005910|1005910|87677375|87677434|88683344|9-9
img/faces/maincharacters_dreamworld.png|0|1047385|1047385|88683344|88683413|89730798|9-9
img/faces/maincharacters_faraway.png|0|237400|237400|89730798|89730864|89968264|9-9
img/faces/maincharacter_basil.png|0|227719|227719|89968264|89968327|90196046|9-9
img/faces/maincharacter_basil_dark.png|0|143163|143163|90196046|90196114|90339277|9-9
img/faces/maincharacter_mari.png|0|198258|198258|90339277|90339339|90537597|9-9
img/gacha/card01.png|0|142|142|90537597|90537647|90537789|9-9
img/gacha/card02.png|0|142|142|90537789|90537839|90537981|9-9
img/gacha/card03.png|0|142|142|90537981|90538031|90538173|9-9
img/gacha/card04.png|0|142|142|90538173|90538223|90538365|9-9
img/gacha/card05.png|0|142|142|90538365|90538415|90538557|9-9
img/overlays/cloud_shadow.png|0|27801|27801|90538557|90538616|90566417|9-9
img/overlays/fog.png|0|5466|5466|90566417|90566467|90571933|9-9
img/overlays/fog2.png|0|38653|38653|90571933|90571984|90610637|9-9
img/overlays/ov_clouds2.png|0|56841|56841|90610637|90610694|90667535|9-9
img/overlays/rain - copy.png|0|9815|9815|90667535|90667593|90677408|9-9
img/overlays/rain.png|0|388|388|90677408|90677459|90677847|9-9
img/overlays/rain___copy.png|0|9815|9815|90677847|90677905|90687720|9-9
img/overlays/vision.png|0|192919|192919|90687720|90687773|90880692|9-9
img/overlays/[ambience]hallway.png|0|133|133|90880692|90880756|90880889|9-9
img/overlays/[ambience]rain.png|0|133|133|90880889|90880950|90881083|9-9
img/overlays/_ambience_hallway.png|0|133|133|90881083|90881147|90881280|9-9
img/overlays/_ambience_rain.png|0|133|133|90881280|90881341|90881474|9-9
img/parallaxes/!bgshallowsea.png|0|427391|427391|90881474|90881536|91308927|9-9
img/parallaxes/!bgshallowsea2.png|0|418713|418713|91308927|91308990|91727703|9-9
img/parallaxes/!bg_remina.png|0|220161|220161|91727703|91727762|91947923|9-9
img/parallaxes/!bg_stumparea.png|0|132462|132462|91947923|91947985|92080447|9-9
img/parallaxes/!bs_cloud_parallax.png|0|27809|27809|92080447|92080514|92108323|9-9
img/parallaxes/!bs_faces.png|0|21412|21412|92108323|92108381|92129793|9-9
img/parallaxes/!bs_self.png|0|37779|37779|92129793|92129850|92167629|9-9
img/parallaxes/!map304.png|0|439010|439010|92167629|92167685|92606695|9-9
img/parallaxes/!parallax_black.png|0|16105|16105|92606695|92606759|92622864|9-9
img/parallaxes/!parallax_black_space.png|0|103781|103781|92622864|92622934|92726715|9-9
img/parallaxes/!parallax_bs_playground.png|0|453048|453048|92726715|92726787|93179835|9-9
img/parallaxes/!parallax_glitch.png|0|229162|229162|93179835|93179900|93409062|9-9
img/parallaxes/!parallax_mountain.png|0|15504|15504|93409062|93409129|93424633|9-9
img/parallaxes/!parallax_reflect.png|0|177103|177103|93424633|93424699|93601802|9-9
img/parallaxes/!parallax_rib.png|0|5931|5931|93601802|93601864|93607795|9-9
img/parallaxes/!parallax_static.png|0|677759|677759|93607795|93607860|94285619|9-9
img/parallaxes/!polaroidbg_fa_day.png|0|48411|48411|94285619|94285686|94334097|9-9
img/parallaxes/!space_parallax_2.png|0|354746|354746|94334097|94334163|94688909|9-10
img/parallaxes/beach.png|0|55865|55865|94688909|94688963|94744828|10-10
img/parallaxes/black.png|0|84|84|94744828|94744882|94744966|10-10
img/parallaxes/bs_meat.png|0|172741|172741|94744966|94745022|94917763|10-10
img/parallaxes/bs_time.png|0|197410|197410|94917763|94917819|95115229|10-10
img/parallaxes/fa_sky_night.png|0|8589|8589|95115229|95115290|95123879|10-10
img/parallaxes/map88.png|0|36466|36466|95123879|95123933|95160399|10-10
img/parallaxes/money.png|0|2344|2344|95160399|95160453|95162797|10-10
img/parallaxes/parallax_dw_1.png|0|15987|15987|95162797|95162859|95178846|10-10
img/parallaxes/parallax_dw_2.png|0|218049|218049|95178846|95178908|95396957|10-10
img/parallaxes/parallax_stump.png|0|34875|34875|95396957|95397020|95431895|10-10
img/parallaxes/parallax_stump_red.png|0|39789|39789|95431895|95431962|95471751|10-10
img/parallaxes/polaroidbg_bs_sky.png|0|103781|103781|95471751|95471817|95575598|10-10
img/parallaxes/red_hands_parallax.png|0|15288|15288|95575598|95575665|95590953|10-10
img/parallaxes/save_menu_bg.png|0|4673|4673|95590953|95591014|95595687|10-10
img/parallaxes/space_parallax.png|0|5320|5320|95595687|95595750|95601070|10-10
img/parallaxes/sunset_sky.png|0|289925|289925|95601070|95601129|95891054|10-10
img/parallaxes/_!bg_basilsomething.png|0|125504|125504|95891054|95891122|96016626|10-10
img/parallaxes/_bgshallowsea.png|0|427391|427391|96016626|96016688|96444079|10-10
img/parallaxes/_bgshallowsea2.png|0|418713|418713|96444079|96444142|96862855|10-10
img/parallaxes/_bg_remina.png|0|220161|220161|96862855|96862914|97083075|10-10
img/parallaxes/_bg_stumparea.png|0|132462|132462|97083075|97083137|97215599|10-10
img/parallaxes/_bs_cloud_parallax.png|0|27809|27809|97215599|97215666|97243475|10-10
img/parallaxes/_bs_faces.png|0|21412|21412|97243475|97243533|97264945|10-10
img/parallaxes/_bs_self.png|0|37779|37779|97264945|97265002|97302781|10-10
img/parallaxes/_map304.png|0|439010|439010|97302781|97302837|97741847|10-10
img/parallaxes/_parallax_black.png|0|16105|16105|97741847|97741911|97758016|10-10
img/parallaxes/_parallax_black_space.png|0|103781|103781|97758016|97758086|97861867|10-10
img/parallaxes/_parallax_bs_playground.png|0|453048|453048|97861867|97861939|98314987|10-10
img/parallaxes/_parallax_glitch.png|0|229162|229162|98314987|98315052|98544214|10-10
img/parallaxes/_parallax_mountain.png|0|15504|15504|98544214|98544281|98559785|10-10
img/parallaxes/_parallax_reflect.png|0|177103|177103|98559785|98559851|98736954|10-10
img/parallaxes/_parallax_rib.png|0|5931|5931|98736954|98737016|98742947|10-10
img/parallaxes/_parallax_static.png|0|677759|677759|98742947|98743012|99420771|10-10
img/parallaxes/_polaroidbg_fa_day.png|0|48411|48411|99420771|99420838|99469249|10-10
img/parallaxes/_space_parallax_2.png|0|354746|354746|99469249|99469315|99824061|10-10
img/parallaxes/__bg_basilsomething.png|0|125504|125504|99824061|99824129|99949633|10-10
img/pictures/!battle_fear_of_dark[1x4].png|0|27264|27264|99949633|99949705|99976969|10-10
img/pictures/!bg_stumparea.png|0|612847|612847|99976969|99977029|100589876|10-10
img/pictures/!bs_self.png|0|37779|37779|100589876|100589931|100627710|10-10
img/pictures/!red_space.png|0|390857|390857|100627710|100627767|101018624|10-10
img/pictures/00_intro.png|0|781013|781013|101018624|101018679|101799692|10-10
img/pictures/04_stargazing.png|0|83326|83326|101799692|101799752|101883078|10-10
img/pictures/1.png|0|133|133|101883078|101883126|101883259|10-10
img/pictures/11_download_window.png|0|2739|2739|101883259|101883324|101886063|10-10
img/pictures/achievements.png|0|300681|300681|101886063|101886122|102186803|10-10
img/pictures/achievements_original.png|0|996404|996404|102186803|102186871|103183275|10-10
img/pictures/albums/black space/black_pg1.png|0|76062|76062|103183275|103183350|103259412|10-10
img/pictures/albums/black space/black_pg2.png|0|58997|58997|103259412|103259487|103318484|10-10
img/pictures/albums/black space/black_pg3.png|0|58610|58610|103318484|103318559|103377169|10-10
img/pictures/albums/black space/black_pg4.png|0|62894|62894|103377169|103377244|103440138|10-10
img/pictures/albums/black space/black_space_album.png|0|59428|59428|103440138|103440221|103499649|10-10
img/pictures/albums/dream world/dream_pg1.png|0|56246|56246|103499649|103499724|103555970|10-10
img/pictures/albums/dream world/dream_pg2.png|0|59690|59690|103555970|103556045|103615735|10-10
img/pictures/albums/dream world/dream_world_album.png|0|47880|47880|103615735|103615818|103663698|10-10
img/pictures/albums/faraway/faraway_pg1.png|0|35424|35424|103663698|103663771|103699195|10-10
img/pictures/albums/faraway/faraway_pg2.png|0|33412|33412|103699195|103699268|103732680|10-10
img/pictures/albums/faraway/faraway_pg3.png|0|57947|57947|103732680|103732753|103790700|10-10
img/pictures/albums/faraway/faraway_pg4.png|0|33839|33839|103790700|103790773|103824612|10-11
img/pictures/albums/faraway/faraway_pg5.png|0|48379|48379|103824612|103824685|103873064|11-11
img/pictures/albums/faraway/faraway_pg6.png|0|33580|33580|103873064|103873137|103906717|11-11
img/pictures/albums/faraway/faraway_pg7.png|0|34906|34906|103906717|103906790|103941696|11-11
img/pictures/albums/faraway/faraway_pg8.png|0|34585|34585|103941696|103941769|103976354|11-11
img/pictures/albums/faraway/faraway_town_album.png|0|31920|31920|103976354|103976434|104008354|11-11
img/pictures/albums/faraway/polaroid_thumb_1.png|0|17183|17183|104008354|104008432|104025615|11-11
img/pictures/albums/faraway/polaroid_thumb_2.png|0|52567|52567|104025615|104025693|104078260|11-11
img/pictures/albums/faraway/polaroid_thumb_3.png|0|51845|51845|104078260|104078338|104130183|11-11
img/pictures/albums/faraway/polaroid_thumb_4.png|0|51706|51706|104130183|104130261|104181967|11-11
img/pictures/albums/faraway/polaroid_thumb_5.png|0|49668|49668|104181967|104182045|104231713|11-11
img/pictures/albums/faraway/polaroid_thumb_6.png|0|53167|53167|104231713|104231791|104284958|11-11
img/pictures/ancient_code.png|0|148942|148942|104284958|104285017|104433959|11-11
img/pictures/area_logos.png|0|435312|435312|104433959|104434016|104869328|11-11
img/pictures/aubrey_intro.png|0|287427|287427|104869328|104869387|105156814|11-11
img/pictures/basil_back_fa.png|0|127153|127153|105156814|105156874|105284027|11-11
img/pictures/basil_death.png|0|80069|80069|105284027|105284085|105364154|11-11
img/pictures/basil_door.png|0|123316|123316|105364154|105364211|105487527|11-11
img/pictures/basil_door_something.png|0|11215|11215|105487527|105487594|105498809|11-11
img/pictures/basil_guilty.png|0|789356|789356|105498809|105498868|106288224|11-11
img/pictures/basil_house_eyes.png|0|7024|7024|106288224|106288287|106295311|11-11
img/pictures/basil_something.png|0|214737|214737|106295311|106295373|106510110|11-11
img/pictures/basil_something_1.png|0|29302|29302|106510110|106510174|106539476|11-11
img/pictures/basil_something_2.png|0|69911|69911|106539476|106539540|106609451|11-11
img/pictures/basil_something_3.jpg|0|241363|241363|106609451|106609515|106850878|11-11
img/pictures/basil_something_3.png|0|241363|241363|106850878|106850942|107092305|11-11
img/pictures/basil_something_parallax.png|0|93119|93119|107092305|107092376|107185495|11-11
img/pictures/basil_vine_attack[5x3].png|0|3421770|3421770|107185495|107185564|110607334|11-11
img/pictures/battleback_dw_perfectheart.png|0|101874|101874|110607334|110607407|110709281|11-11
img/pictures/battleback_dw_perfectheart_inner.png|0|28590|28590|110709281|110709360|110737950|11-11
img/pictures/battleback_dw_perfectheart_outer.png|0|68454|68454|110737950|110738029|110806483|11-11
img/pictures/battle_lowhealth.png|0|90290|90290|110806483|110806546|110896836|11-11
img/pictures/battle_run.png|0|521|521|110896836|110896893|110897414|11-11
img/pictures/battle_transition_curtain.png|0|12846|12846|110897414|110897486|110910332|11-11
img/pictures/beforebed.png|0|577812|577812|110910332|110910388|111488200|11-11
img/pictures/beforebed_mari.png|0|325821|325821|111488200|111488261|111814082|11-11
img/pictures/beforebed_spooks.png|0|445015|445015|111814082|111814145|112259160|11-11
img/pictures/before_neutral_something.png|0|343049|343049|112259160|112259231|112602280|11-11
img/pictures/before_white_space_1.png|0|855486|855486|112602280|112602347|113457833|11-12
img/pictures/before_white_space_2.png|0|835195|835195|113457833|113457900|114293095|12-12
img/pictures/before_white_space_3.png|0|163029|163029|114293095|114293162|114456191|12-12
img/pictures/bj-bust.png|0|8847|8847|114456191|114456245|114465092|12-12
img/pictures/bj-button-selected.png|0|118|118|114465092|114465157|114465275|12-12
img/pictures/bj-button.png|0|126|126|114465275|114465331|114465457|12-12
img/pictures/bj-buttonlong-selected.png|0|121|121|114465457|114465526|114465647|12-12
img/pictures/bj-buttonlong.png|0|129|129|114465647|114465707|114465836|12-12
img/pictures/bj-hit.png|0|771|771|114465836|114465889|114466660|12-12
img/pictures/bj-lose.png|0|8910|8910|114466660|114466714|114475624|12-12
img/pictures/bj-natural.png|0|9496|9496|114475624|114475681|114485177|12-12
img/pictures/bj-stay.png|0|810|810|114485177|114485231|114486041|12-12
img/pictures/bj-tie.png|0|7938|7938|114486041|114486094|114494032|12-12
img/pictures/bj-win.png|0|9606|9606|114494032|114494085|114503691|12-12
img/pictures/bj_bust.png|0|8847|8847|114503691|114503745|114512592|12-12
img/pictures/bj_button.png|0|126|126|114512592|114512648|114512774|12-12
img/pictures/bj_buttonlong.png|0|129|129|114512774|114512834|114512963|12-12
img/pictures/bj_buttonlong_selected.png|0|121|121|114512963|114513032|114513153|12-12
img/pictures/bj_button_selected.png|0|118|118|114513153|114513218|114513336|12-12
img/pictures/bj_hit.png|0|771|771|114513336|114513389|114514160|12-12
img/pictures/bj_lose.png|0|8910|8910|114514160|114514214|114523124|12-12
img/pictures/bj_natural.png|0|9496|9496|114523124|114523181|114532677|12-12
img/pictures/bj_stay.png|0|810|810|114532677|114532731|114533541|12-12
img/pictures/bj_tie.png|0|7938|7938|114533541|114533594|114541532|12-12
img/pictures/bj_win.png|0|9606|9606|114541532|114541585|114551191|12-12
img/pictures/blackjack_bg.png|0|54792|54792|114551191|114551250|114606042|12-12
img/pictures/blackjack_frame.png|0|13450|13450|114606042|114606104|114619554|12-12
img/pictures/blackjack_layout.png|0|52945|52945|114619554|114619617|114672562|12-12
img/pictures/blackjack_logo.png|0|1686|1686|114672562|114672623|114674309|12-12
img/pictures/blackspace_keys.png|0|765|765|114674309|114674371|114675136|12-12
img/pictures/blackspace_polaroidbg_fa.png|0|2396|2396|114675136|114675207|114677603|12-12
img/pictures/blackspace_polaroidbg_fa_day.png|0|103781|103781|114677603|114677678|114781459|12-12
img/pictures/black_key.png|0|10563|10563|114781459|114781515|114792078|12-12
img/pictures/black_screen.png|0|133|133|114792078|114792137|114792270|12-12
img/pictures/black_screen_abyss.png|0|84|84|114792270|114792335|114792419|12-12
img/pictures/black_screen_recital_1.png|0|254|254|114792419|114792488|114792742|12-12
img/pictures/black_screen_recital_2.png|0|182|182|114792742|114792811|114792993|12-12
img/pictures/blank.png|0|95|95|114792993|114793045|114793140|12-12
img/pictures/blind_eye.png|0|18284|18284|114793140|114793196|114811480|12-12
img/pictures/blurry_mari.png|0|7192|7192|114811480|114811538|114818730|12-12
img/pictures/border_cactus.png|0|62703|62703|114818730|114818790|114881493|12-12
img/pictures/border_gladiolus.png|0|300261|300261|114881493|114881556|115181817|12-12
img/pictures/border_rose.png|0|265348|265348|115181817|115181875|115447223|12-12
img/pictures/border_tulip.png|0|262092|262092|115447223|115447282|115709374|12-12
img/pictures/boss_rush_monitor.png|0|4867|4867|115709374|115709438|115714305|12-12
img/pictures/brand_new_violin.png|0|1222746|1222746|115714305|115714368|116937114|12-12
img/pictures/breaktime_frame.png|0|143|143|116937114|116937176|116937319|12-12
img/pictures/bs_basil_blood.png|0|436|436|116937319|116937380|116937816|12-12
img/pictures/bs_black_screen.png|0|354|354|116937816|116937878|116938232|12-12
img/pictures/bs_black_screen_2.png|0|319|319|116938232|116938296|116938615|12-12
img/pictures/bs_black_screen_3.png|0|322|322|116938615|116938679|116939001|12-12
img/pictures/bs_blurry_photo.png|0|32537|32537|116939001|116939063|116971600|12-12
img/pictures/bs_dark_road_path.png|0|4003|4003|116971600|116971664|116975667|12-12
img/pictures/bs_door.png|0|85476|85476|116975667|116975721|117061197|12-12
img/pictures/bs_extra.png|0|88897|88897|117061197|117061252|117150149|12-12
img/pictures/bs_footprints_blood.png|0|2017|2017|117150149|117150215|117152232|12-12
img/pictures/bs_glitch_parallaxes.png|0|11085|11085|117152232|117152299|117163384|12-12
img/pictures/bs_hand.png|0|10235|10235|117163384|117163438|117173673|12-12
img/pictures/bs_horror_mari.png|0|12214|12214|117173673|117173734|117185948|12-12
img/pictures/bs_laptop.png|0|112470|112470|117185948|117186004|117298474|12-12
img/pictures/bs_mari_blur.png|0|42306|42306|117298474|117298533|117340839|12-12
img/pictures/bs_mari_mannequin.png|0|51253|51253|117340839|117340903|117392156|12-12
img/pictures/bs_mari_parallax.png|0|201669|201669|117392156|117392219|117593888|12-12
img/pictures/bs_mari_window.png|0|365|365|117593888|117593949|117594314|12-12
img/pictures/bs_mari_window_overlay.png|0|40267|40267|117594314|117594383|117634650|12-12
img/pictures/bs_omori_face.png|0|22385|22385|117634650|117634710|117657095|12-12
img/pictures/bs_omori_face_shadow.png|0|14524|14524|117657095|117657162|117671686|12-12
img/pictures/bs_portrait_blank.png|0|51020|51020|117671686|117671750|117722770|12-12
img/pictures/bs_portrait_hair.png|0|58491|58491|117722770|117722833|117781324|12-12
img/pictures/bs_raft_mountains.png|0|302819|302819|117781324|117781388|118084207|12-12
img/pictures/bs_raft_sky.png|0|449324|449324|118084207|118084265|118533589|12-12
img/pictures/bs_raft_trees.png|0|148096|148096|118533589|118533649|118681745|12-12
img/pictures/bs_recital.png|0|18203|18203|118681745|118681802|118700005|12-12
img/pictures/bs_spiderlegs.png|0|735|735|118700005|118700065|118700800|12-12
img/pictures/bs_spiderwebs.png|0|24009|24009|118700800|118700860|118724869|12-12
img/pictures/bs_spotlight.png|0|7220|7220|118724869|118724928|118732148|12-12
img/pictures/bs_stairs.png|0|256|256|118732148|118732204|118732460|12-12
img/pictures/bt_blackspace.png|0|88705|88705|118732460|118732520|118821225|12-12
img/pictures/bt_faraway.png|0|284082|284082|118821225|118821282|119105364|12-12
img/pictures/bt_general.png|0|680|680|119105364|119105421|119106101|12-12
img/pictures/bt_humphrey.png|0|171886|171886|119106101|119106159|119278045|12-12
img/pictures/bt_jawsum_bottom.png|0|6759|6759|119278045|119278108|119284867|12-12
img/pictures/bt_jawsum_top.png|0|6534|6534|119284867|119284927|119291461|12-12
img/pictures/bt_maximus.png|0|3387|3387|119291461|119291518|119294905|12-12
img/pictures/bt_planets.png|0|41349|41349|119294905|119294962|119336311|12-12
img/pictures/bt_serious.png|0|2561|2561|119336311|119336368|119338929|12-12
img/pictures/bt_slime.png|0|1780|1780|119338929|119338984|119340764|12-12
img/pictures/bt_slimegirls.png|0|1278287|1278287|119340764|119340824|120619111|12-12
img/pictures/bt_snaley.png|0|110444|110444|120619111|120619167|120729611|12-12
img/pictures/cardback.png|0|6905|6905|120729611|120729666|120736571|12-12
img/pictures/cards.png|0|29625|29625|120736571|120736623|120766248|12-12
img/pictures/church_light_gradient.png|0|13126|13126|120766248|120766316|120779442|12-12
img/pictures/curtain.png|0|21285|21285|120779442|120779496|120800781|12-12
img/pictures/dark_overlay 2.png|0|35070|35070|120800781|120800842|120835912|12-12
img/pictures/dark_overlay.png|0|12845|12845|120835912|120835971|120848816|12-12
img/pictures/dark_overlay_2.png|0|35070|35070|120848816|120848877|120883947|12-12
img/pictures/dark_overlay_3.png|0|40989|40989|120883947|120884008|120924997|12-12
img/pictures/dark_overlay_door_space.png|0|13329|13329|120924997|120925067|120938396|12-12
img/pictures/dark_overlay_sgl - backup.png|0|35923|35923|120938396|120938468|120974391|12-12
img/pictures/dark_overlay_sgl.png|0|43536|43536|120974391|120974454|121017990|12-12
img/pictures/dark_overlay_sgl___backup.png|0|35923|35923|121017990|121018062|121053985|12-12
img/pictures/dark_road_path_gradient.png|0|10477|10477|121053985|121054055|121064532|12-12
img/pictures/daysleft.png|0|536177|536177|121064532|121064587|121600764|12-12
img/pictures/displacementmap.png|0|444842|444842|121600764|121600826|122045668|12-12
img/pictures/doom_tomb_crack.png|0|1232|1232|122045668|122045730|122046962|12-12
img/pictures/door_black.png|0|9993|9993|122046962|122047019|122057012|12-12
img/pictures/door_white.png|0|8146|8146|122057012|122057069|122065215|12-12
img/pictures/dreamworld_polaroidbg_fa.png|0|2913|2913|122065215|122065286|122068199|12-12
img/pictures/dreamworld_polaroidbg_fa_day.png|0|5320|5320|122068199|122068274|122073594|12-12
img/pictures/dreamworld_polaroidbg_fa_day_big.png|0|21166|21166|122073594|122073673|122094839|12-12
img/pictures/dreamworld_polaroid_fa_cover.png|0|63958|63958|122094839|122094914|122158872|12-12
img/pictures/dw_bad_drawing.png|0|72856|72856|122158872|122158933|122231789|12-12
img/pictures/dw_billboard.png|0|2056|2056|122231789|122231848|122233904|12-12
img/pictures/dw_butt_certificate.png|0|114813|114813|122233904|122233970|122348783|12-12
img/pictures/DW_butt_certificate_2.png|0|114813|114813|122348783|122348851|122463664|12-12
img/pictures/dw_cool_doodle.png|0|97159|97159|122463664|122463725|122560884|12-12
img/pictures/dw_free_jobs.png|0|161654|161654|122560884|122560943|122722597|12-13
img/pictures/dw_mirror_1.png|0|1231328|1231328|122722597|122722655|123953983|13-13
img/pictures/dw_mirror_2.png|0|1196521|1196521|123953983|123954041|125150562|13-13
img/pictures/dw_mirror_3.png|0|1255251|1255251|125150562|125150620|126405871|13-13
img/pictures/dw_mirror_4.png|0|1371481|1371481|126405871|126405929|127777410|13-13
img/pictures/dw_mirror_weird.png|0|449736|449736|127777410|127777472|128227208|13-13
img/pictures/dw_pluto_outskirts.png|0|2124|2124|128227208|128227273|128229397|13-13
img/pictures/dw_pluto_outskirts_2.png|0|22237|22237|128229397|128229464|128251701|13-13
img/pictures/dw_pluto_wanted.png|0|154589|154589|128251701|128251763|128406352|13-13
img/pictures/DW_pluto_wanted_en.png|0|154589|154589|128406352|128406417|128561006|13-13
img/pictures/dw_red_pool.png|0|177914|177914|128561006|128561064|128738978|13-13
img/pictures/dw_sw_quest_for_hearts.png|0|109198|109198|128738978|128739047|128848245|13-13
img/pictures/DW_sw_quest_for_hearts_ALTERNATE.png|0|99664|99664|128848245|128848324|128947988|13-13
img/pictures/dw_taxi.png|0|990|990|128947988|128948042|128949032|13-13
img/pictures/dw_tvgirl_list.png|0|64088|64088|128949032|128949093|129013181|13-13
img/pictures/embers.png|0|239|239|129013181|129013234|129013473|13-13
img/pictures/emotions_guide.png|0|115815|115815|129013473|129013534|129129349|13-13
img/pictures/ending_slide.png|0|340635|340635|129129349|129129408|129470043|13-13
img/pictures/end_of_highway.png|0|10519|10519|129470043|129470104|129480623|13-13
img/pictures/engulf_block_1.png|0|659|659|129480623|129480684|129481343|13-13
img/pictures/engulf_block_2.png|0|826|826|129481343|129481404|129482230|13-13
img/pictures/engulf_block_3.png|0|811|811|129482230|129482291|129483102|13-13
img/pictures/eyes_open[5x2].png|0|12424|12424|129483102|129483163|129495587|13-13
img/pictures/eyes_open[5x4].png|0|224500|224500|129495587|129495648|129720148|13-13
img/pictures/eyes_open_5x2_.png|0|12424|12424|129720148|129720209|129732633|13-13
img/pictures/eyes_open_5x4_.png|0|224500|224500|129732633|129732694|129957194|13-13
img/pictures/facecluster.png|0|2519|2519|129957194|129957252|129959771|13-13
img/pictures/family_photo.png|0|159237|159237|129959771|129959830|130119067|13-13
img/pictures/family_photo_horror.png|0|105656|105656|130119067|130119133|130224789|13-13
img/pictures/family_photo_lighthouse.png|0|209926|209926|130224789|130224859|130434785|13-13
img/pictures/family_photo_lighthouse_horror.png|0|103553|103553|130434785|130434862|130538415|13-13
img/pictures/Faraway_AlbumPictureBack_key.png|0|30995|30995|130538415|130538490|130569485|13-13
img/pictures/faraway_polaroidbg_fa.png|0|11779|11779|130569485|130569553|130581332|13-13
img/pictures/faraway_polaroidbg_fa_day.png|0|48411|48411|130581332|130581404|130629815|13-13
img/pictures/faraway_polaroid_fa_cover.png|0|38825|38825|130629815|130629887|130668712|13-13
img/pictures/fa_horror_2.png|0|467262|467262|130668712|130668770|131136032|13-13
img/pictures/fa_horror_2[3x2].png|0|433903|433903|131136032|131136095|131569998|13-13
img/pictures/fa_horror_2_3x2_.png|0|433903|433903|131569998|131570061|132003964|13-13
img/pictures/fa_lighting.png|0|24336|24336|132003964|132004022|132028358|13-13
img/pictures/fa_living_room_1_player.png|0|3647|3647|132028358|132028428|132032075|13-13
img/pictures/fa_living_room_2_player.png|0|2745|2745|132032075|132032145|132034890|13-13
img/pictures/fa_living_room_door.png|0|558|558|132034890|132034956|132035514|13-13
img/pictures/fa_mirror_1.png|0|435096|435096|132035514|132035572|132470668|13-14
img/pictures/fa_mirror_2.png|0|454351|454351|132470668|132470726|132925077|14-14
img/pictures/fa_mirror_3.png|0|199016|199016|132925077|132925135|133124151|14-14
img/pictures/fa_outside_day.png|0|142827|142827|133124151|133124212|133267039|14-14
img/pictures/fa_outside_night.png|0|23139|23139|133267039|133267102|133290241|14-14
img/pictures/fa_thank_you.png|0|25312|25312|133290241|133290300|133315612|14-14
img/pictures/fear-water-spotlight.png|0|1132|1132|133315612|133315679|133316811|14-14
img/pictures/fear_hair.png|0|46121|46121|133316811|133316867|133362988|14-14
img/pictures/fear_hands.png|0|260|260|133362988|133363045|133363305|14-14
img/pictures/fear_hands_2.png|0|6666|6666|133363305|133363364|133370030|14-14
img/pictures/fear_hands_effect.png|0|51932|51932|133370030|133370094|133422026|14-14
img/pictures/fear_hands_effect3.png|0|27843|27843|133422026|133422091|133449934|14-14
img/pictures/fear_hands_effect_2.png|0|44730|44730|133449934|133450000|133494730|14-14
img/pictures/fear_spiders_effect.png|0|35326|35326|133494730|133494796|133530122|14-14
img/pictures/fear_water_spotlight.png|0|1132|1132|133530122|133530189|133531321|14-14
img/pictures/final_battle_play_mock.png|0|115211|115211|133531321|133531390|133646601|14-14
img/pictures/final_thankyouplatform.png|0|428|428|133646601|133646670|133647098|14-14
img/pictures/first_swallow[5 x3].png|0|2006576|2006576|133647098|133647164|135653740|14-14
img/pictures/first_swallow_5_x3_.png|0|2006576|2006576|135653740|135653806|137660382|14-14
img/pictures/flowing_sheets_1.png|0|646909|646909|137660382|137660445|138307354|14-14
img/pictures/flowing_sheets_2.png|0|970594|970594|138307354|138307417|139278011|14-14
img/pictures/flowing_sheets_3.png|0|64091|64091|139278011|139278074|139342165|14-14
img/pictures/gameover.png|0|104521|104521|139342165|139342220|139446741|14-14
img/pictures/go_continue.png|0|1091|1091|139446741|139446799|139447890|14-14
img/pictures/go_retry.png|0|1222|1222|139447890|139447945|139449167|14-14
img/pictures/group_hug.png|0|428563|428563|139449167|139449223|139877786|14-14
img/pictures/group_hug_dw.png|0|403469|403469|139877786|139877845|140281314|14-14
img/pictures/hairbig.png|0|544050|544050|140281314|140281368|140825418|14-14
img/pictures/hands.png|0|213|213|140825418|140825470|140825683|14-14
img/pictures/hangman.png|0|26961|26961|140825683|140825737|140852698|14-14
img/pictures/hangman_laptop.png|0|299741|299741|140852698|140852759|141152500|14-14
img/pictures/hangman_sheet.png|0|163603|163603|141152500|141152560|141316163|14-14
img/pictures/hangman_something.png|0|9701|9701|141316163|141316227|141325928|14-14
img/pictures/happy_chair.png|0|23396|23396|141325928|141325986|141349382|14-14
img/pictures/hero_introl.png|0|336836|336836|141349382|141349440|141686276|14-15
img/pictures/hero_introli.png|0|169183|169183|141686276|141686335|141855518|15-15
img/pictures/holding_hands.png|0|837337|837337|141855518|141855578|142692915|15-15
img/pictures/horror_longsnout.png|0|38981|38981|142692915|142692978|142731959|15-15
img/pictures/horror_mari.png|0|27007|27007|142731959|142732017|142759024|15-15
img/pictures/horror_mari_water.png|0|27558|27558|142759024|142759088|142786646|15-15
img/pictures/hospital_mirror.png|0|132975|132975|142786646|142786708|142919683|15-15
img/pictures/housemapbrent.png|0|16576|16576|142919683|142919743|142936319|15-15
img/pictures/housemapjoy.png|0|33320|33320|142936319|142936377|142969697|15-15
img/pictures/humphrey_border.png|0|308200|308200|142969697|142969759|143277959|15-15
img/pictures/humphrey_spitout.png|0|98908|98908|143277959|143278022|143376930|15-15
img/pictures/humphrey_spitout_2.png|0|124622|124622|143376930|143376995|143501617|15-15
img/pictures/humphrey_spitout_2_jaw.png|0|84311|84311|143501617|143501686|143585997|15-15
img/pictures/humphrey_spitout_jaw.png|0|43602|43602|143585997|143586064|143629666|15-15
img/pictures/invader-background.png|0|106|106|143629666|143629731|143629837|15-15
img/pictures/invader-barricade.png|0|85|85|143629837|143629901|143629986|15-15
img/pictures/invader-boundary.png|0|254|254|143629986|143630049|143630303|15-15
img/pictures/invader-complete.png|0|624|624|143630303|143630366|143630990|15-15
img/pictures/invader-damage.png|0|106|106|143630990|143631051|143631157|15-15
img/pictures/invader-dead.png|0|310|310|143631157|143631216|143631526|15-15
img/pictures/invader-enemy.png|0|137|137|143631526|143631586|143631723|15-15
img/pictures/invader-eshot.png|0|84|84|143631723|143631783|143631867|15-15
img/pictures/invader-gameover.png|0|429|429|143631867|143631930|143632359|15-15
img/pictures/invader-parallax.png|0|576|576|143632359|143632422|143632998|15-15
img/pictures/invader-powerup.png|0|172|172|143632998|143633060|143633232|15-15
img/pictures/invader-prompt.png|0|224|224|143633232|143633293|143633517|15-15
img/pictures/invader-pshot.png|0|84|84|143633517|143633577|143633661|15-15
img/pictures/invader-ship.png|0|149|149|143633661|143633720|143633869|15-15
img/pictures/invader-text.png|0|186|186|143633869|143633928|143634114|15-15
img/pictures/invader-title.png|0|860|860|143634114|143634174|143635034|15-15
img/pictures/invader-ui-line.png|0|84|84|143635034|143635096|143635180|15-15
img/pictures/invader-ui-numbers.png|0|153|153|143635180|143635245|143635398|15-15
img/pictures/invader-youwin.png|0|369|369|143635398|143635459|143635828|15-15
img/pictures/invader_background.png|0|106|106|143635828|143635893|143635999|15-15
img/pictures/invader_barricade.png|0|85|85|143635999|143636063|143636148|15-15
img/pictures/invader_boundary.png|0|254|254|143636148|143636211|143636465|15-15
img/pictures/invader_complete.png|0|624|624|143636465|143636528|143637152|15-15
img/pictures/invader_damage.png|0|106|106|143637152|143637213|143637319|15-15
img/pictures/invader_dead.png|0|310|310|143637319|143637378|143637688|15-15
img/pictures/invader_enemy.png|0|137|137|143637688|143637748|143637885|15-15
img/pictures/invader_eshot.png|0|84|84|143637885|143637945|143638029|15-15
img/pictures/invader_gameover.png|0|429|429|143638029|143638092|143638521|15-15
img/pictures/invader_parallax.png|0|576|576|143638521|143638584|143639160|15-15
img/pictures/invader_powerup.png|0|172|172|143639160|143639222|143639394|15-15
img/pictures/invader_prompt.png|0|224|224|143639394|143639455|143639679|15-15
img/pictures/invader_pshot.png|0|84|84|143639679|143639739|143639823|15-15
img/pictures/invader_ship.png|0|149|149|143639823|143639882|143640031|15-15
img/pictures/invader_text.png|0|186|186|143640031|143640090|143640276|15-15
img/pictures/invader_title.png|0|860|860|143640276|143640336|143641196|15-15
img/pictures/invader_ui_line.png|0|84|84|143641196|143641258|143641342|15-15
img/pictures/invader_ui_numbers.png|0|153|153|143641342|143641407|143641560|15-15
img/pictures/invader_youwin.png|0|369|369|143641560|143641621|143641990|15-15
img/pictures/junk_key_0.png|0|498|498|143641990|143642047|143642545|15-15
img/pictures/junk_key_1.png|0|444|444|143642545|143642602|143643046|15-15
img/pictures/kel_intro_small.png|0|208456|208456|143643046|143643108|143851564|15-15
img/pictures/leaf.png|0|422|422|143851564|143851615|143852037|15-15
img/pictures/lens_flare.png|0|25035|25035|143852037|143852094|143877129|15-15
img/pictures/lightbulbs.png|0|80466|80466|143877129|143877186|143957652|15-15
img/pictures/lightbulbs2.png|0|79608|79608|143957652|143957710|144037318|15-15
img/pictures/lighting_overlay.png|0|93756|93756|144037318|144037381|144131137|15-15
img/pictures/looking_at_photos_1.png|0|902141|902141|144131137|144131203|145033344|15-15
img/pictures/looking_at_photos_2.png|0|731082|731082|145033344|145033410|145764492|15-15
img/pictures/looking_at_photos_3.png|0|1045056|1045056|145764492|145764558|146809614|15-15
img/pictures/looking_at_photos_4.png|0|653141|653141|146809614|146809680|147462821|15-15
img/pictures/looking_at_photos_spread.png|0|505870|505870|147462821|147462892|147968762|15-15
img/pictures/map306.png|0|451828|451828|147968762|147968815|148420643|15-15
img/pictures/map324.png|0|18004|18004|148420643|148420696|148438700|15-15
img/pictures/mari_mannequin_day.png|0|33564|33564|148438700|148438765|148472329|15-15
img/pictures/mari_mannequin_night.png|0|27043|27043|148472329|148472396|148499439|15-15
img/pictures/mari_something_transform[3x2].png|0|303550|303550|148499439|148499515|148803065|15-15
img/pictures/mari_something_transform_3x2_.png|0|303550|303550|148803065|148803141|149106691|15-15
img/pictures/mari_window.png|0|256|256|149106691|149106749|149107005|15-15
img/pictures/mari_window_left.png|0|262|262|149107005|149107068|149107330|15-15
img/pictures/mari_window_right.png|0|260|260|149107330|149107394|149107654|15-15
img/pictures/maximus.png|0|10849|10849|149107654|149107708|149118557|15-15
img/pictures/name_input.png|0|516|516|149118557|149118614|149119130|15-15
img/pictures/nowyouknow.png|0|52469|52469|149119130|149119187|149171656|15-15
img/pictures/no_fingers.png|0|19898|19898|149171656|149171713|149191611|15-15
img/pictures/npc_scribble1.png|0|5160|5160|149191611|149191671|149196831|15-15
img/pictures/omori_at_the_piano_2.png|0|467287|467287|149196831|149196898|149664185|15-15
img/pictures/omori_on_the_piano_1.png|0|98661|98661|149664185|149664252|149762913|15-15
img/pictures/omori_origin_group.png|0|1442465|1442465|149762913|149762978|151205443|15-16
img/pictures/omori_prebattle.png|0|416467|416467|151205443|151205505|151621972|16-16
img/pictures/omori_succumb.png|0|21515|21515|151621972|151622032|151643547|16-16
img/pictures/omori_succumb_closed.png|0|22348|22348|151643547|151643614|151665962|16-16
img/pictures/omori_wakeup_day.png|0|1457969|1457969|151665962|151666025|153123994|16-16
img/pictures/omori_wakeup_night.png|0|132169|132169|153123994|153124059|153256228|16-16
img/pictures/perfect_overlay.png|0|86261|86261|153256228|153256290|153342551|16-16
img/pictures/pessis_thing.png|0|259488|259488|153342551|153342610|153602098|16-16
img/pictures/pessis_thing_no_bg.png|0|259488|259488|153602098|153602163|153861651|16-16
img/pictures/photo_shadow.png|0|233|233|153861651|153861710|153861943|16-16
img/pictures/pictures_dw_extra.png|0|4153878|4153878|153861943|153862007|158015885|16-16
img/pictures/pictures_fa_extra.png|0|3422070|3422070|158015885|158015949|161438019|16-17
img/pictures/pizza-background.png|0|66817|66817|161438019|161438082|161504899|17-17
img/pictures/pizza-mulch.png|0|3583|3583|161504899|161504957|161508540|17-17
img/pictures/pizza-planks.png|0|3331|3331|161508540|161508599|161511930|17-17
img/pictures/pizza-wood.png|0|2897|2897|161511930|161511987|161514884|17-17
img/pictures/pizza_background.png|0|66817|66817|161514884|161514947|161581764|17-17
img/pictures/pizza_mulch.png|0|3583|3583|161581764|161581822|161585405|17-17
img/pictures/pizza_planks.png|0|3331|3331|161585405|161585464|161588795|17-17
img/pictures/pizza_wood.png|0|2897|2897|161588795|161588852|161591749|17-17
img/pictures/placeholder_album.png|0|61639|61639|161591749|161591813|161653452|17-17
img/pictures/placeholder_hangman.png|0|11184|11184|161653452|161653518|161664702|17-17
img/pictures/placeholder_hangman_2.png|0|11448|11448|161664702|161664770|161676218|17-17
img/pictures/placeholder_map.png|0|215155|215155|161676218|161676280|161891435|17-17
img/pictures/placeholder_spider01.png|0|9878|9878|161891435|161891502|161901380|17-17
img/pictures/placeholder_spider02.png|0|37900|37900|161901380|161901447|161939347|17-17
img/pictures/player_please_help_1.png|0|1191030|1191030|161939347|161939414|163130444|17-17
img/pictures/player_please_help_2.png|0|521381|521381|163130444|163130511|163651892|17-17
img/pictures/player_please_help_3.png|0|572409|572409|163651892|163651959|164224368|17-17
img/pictures/player_skill_cherish.png|0|46843|46843|164224368|164224435|164271278|17-17
img/pictures/pluto_crack_1_1.png|0|20328|20328|164271278|164271340|164291668|17-17
img/pictures/pluto_crack_1_2.png|0|19856|19856|164291668|164291730|164311586|17-17
img/pictures/pluto_crack_2_1.png|0|21763|21763|164311586|164311648|164333411|17-17
img/pictures/pluto_crack_2_2.png|0|21618|21618|164333411|164333473|164355091|17-17
img/pictures/pluto_crack_3_1.png|0|14271|14271|164355091|164355153|164369424|17-17
img/pictures/pluto_crack_3_2.png|0|13781|13781|164369424|164369486|164383267|17-17
img/pictures/pluto_crack_4.png|0|8565|8565|164383267|164383327|164391892|17-17
img/pictures/pluto_light.png|0|84834|84834|164391892|164391950|164476784|17-17
img/pictures/pluto_party_1.png|0|1007|1007|164476784|164476844|164477851|17-17
img/pictures/pluto_party_2.png|0|940|940|164477851|164477911|164478851|17-17
img/pictures/pluto_platform.png|0|2025|2025|164478851|164478912|164480937|17-17
img/pictures/puzzle_border.png|0|3736|3736|164480937|164480997|164484733|17-17
img/pictures/rain.png|0|260|260|164484733|164484784|164485044|17-17
img/pictures/raintown_sky.png|0|804316|804316|164485044|164485103|165289419|17-17
img/pictures/recipe_for_disaster.png|0|145267|145267|165289419|165289485|165434752|17-17
img/pictures/red_hands_attack[5x2].png|0|697782|697782|165434752|165434820|166132602|17-17
img/pictures/red_hands_attack_5x2_.png|0|697782|697782|166132602|166132670|166830452|17-17
img/pictures/release_energy[5x7].png|0|2605327|2605327|166830452|166830518|169435845|17-17
img/pictures/release_energy_5x7_.png|0|2605327|2605327|169435845|169435911|172041238|17-18
img/pictures/release_energy_basil[5x7].png|0|763371|763371|172041238|172041310|172804681|18-18
img/pictures/release_jpergy[5x7].png|0|2605327|2605327|172804681|172804747|175410074|18-18
img/pictures/release_stress[5x5].png|0|2556872|2556872|175410074|175410140|177967012|18-18
img/pictures/release_stress_5x5_.png|0|2556872|2556872|177967012|177967078|180523950|18-19
img/pictures/rock-animation.png|0|874|874|180523950|180524011|180524885|19-19
img/pictures/rock-background.png|0|51786|51786|180524885|180524947|180576733|19-19
img/pictures/rock-bunny.png|0|203|203|180576733|180576790|180576993|19-19
img/pictures/rock-button.png|0|483|483|180576993|180577051|180577534|19-19
img/pictures/rock-buttonpressed.png|0|315|315|180577534|180577599|180577914|19-19
img/pictures/rock-buttonselected.png|0|517|517|180577914|180577980|180578497|19-19
img/pictures/rock-combo1.png|0|117|117|180578497|180578555|180578672|19-19
img/pictures/rock-combo2.png|0|120|120|180578672|180578730|180578850|19-19
img/pictures/rock-combo3.png|0|112|112|180578850|180578908|180579020|19-19
img/pictures/rock-combocounter.png|0|173|173|180579020|180579084|180579257|19-19
img/pictures/rock-cools.nake.png|0|330|330|180579257|180579319|180579649|19-19
img/pictures/rock-coolsnake.png|0|330|330|180579649|180579710|180580040|19-19
img/pictures/rock-heart.png|0|149|149|180580040|180580097|180580246|19-19
img/pictures/rock-intro_01.png|0|165186|165186|180580246|180580306|180745492|19-19
img/pictures/rock-intro_02.png|0|205845|205845|180745492|180745552|180951397|19-19
img/pictures/rock-intro_03.png|0|162439|162439|180951397|180951457|181113896|19-19
img/pictures/rock-intro_04.png|0|156493|156493|181113896|181113956|181270449|19-19
img/pictures/rock-intro_05.png|0|152511|152511|181270449|181270509|181423020|19-19
img/pictures/rock-intro_06.png|0|159676|159676|181423020|181423080|181582756|19-19
img/pictures/rock-intro_07.png|0|124678|124678|181582756|181582816|181707494|19-19
img/pictures/rock-jash.png|0|219|219|181707494|181707550|181707769|19-19
img/pictures/rock-lilg.png|0|248|248|181707769|181707825|181708073|19-19
img/pictures/rock-ocotaco.png|0|467|467|181708073|181708132|181708599|19-19
img/pictures/rock-onewingash.png|0|267|267|181708599|181708661|181708928|19-19
img/pictures/rock-optionssheet.png|0|459|459|181708928|181708992|181709451|19-19
img/pictures/rock-p'terry.png|0|415|415|181709451|181709510|181709925|19-19
img/pictures/rock-papachip.png|0|353|353|181709925|181709985|181710338|19-19
img/pictures/rock-pluto.png|0|405|405|181710338|181710395|181710800|19-19
img/pictures/rock-roselad.png|0|432|432|181710800|181710859|181711291|19-19
img/pictures/rock-saucyk..png|0|360|360|181711291|181711350|181711710|19-19
img/pictures/rock-themuncherking.png|0|418|418|181711710|181711776|181712194|19-19
img/pictures/rock-tomatogirl.png|0|281|281|181712194|181712256|181712537|19-19
img/pictures/rock_animation.png|0|874|874|181712537|181712598|181713472|19-19
img/pictures/rock_background.png|0|51786|51786|181713472|181713534|181765320|19-19
img/pictures/rock_bunny.png|0|203|203|181765320|181765377|181765580|19-19
img/pictures/rock_button.png|0|483|483|181765580|181765638|181766121|19-19
img/pictures/rock_buttonpressed.png|0|315|315|181766121|181766186|181766501|19-19
img/pictures/rock_buttonselected.png|0|517|517|181766501|181766567|181767084|19-19
img/pictures/rock_combo1.png|0|117|117|181767084|181767142|181767259|19-19
img/pictures/rock_combo2.png|0|120|120|181767259|181767317|181767437|19-19
img/pictures/rock_combo3.png|0|112|112|181767437|181767495|181767607|19-19
img/pictures/rock_combocounter.png|0|173|173|181767607|181767671|181767844|19-19
img/pictures/rock_coolsnake.png|0|330|330|181767844|181767905|181768235|19-19
img/pictures/rock_cools_nake.png|0|330|330|181768235|181768297|181768627|19-19
img/pictures/rock_heart.png|0|149|149|181768627|181768684|181768833|19-19
img/pictures/rock_intro_01.png|0|165186|165186|181768833|181768893|181934079|19-19
img/pictures/rock_intro_02.png|0|205845|205845|181934079|181934139|182139984|19-19
img/pictures/rock_intro_03.png|0|162439|162439|182139984|182140044|182302483|19-19
img/pictures/rock_intro_04.png|0|156493|156493|182302483|182302543|182459036|19-19
img/pictures/rock_intro_05.png|0|152511|152511|182459036|182459096|182611607|19-19
img/pictures/rock_intro_06.png|0|159676|159676|182611607|182611667|182771343|19-19
img/pictures/rock_intro_07.png|0|124678|124678|182771343|182771403|182896081|19-19
img/pictures/rock_jash.png|0|219|219|182896081|182896137|182896356|19-19
img/pictures/rock_lilg.png|0|248|248|182896356|182896412|182896660|19-19
img/pictures/rock_ocotaco.png|0|467|467|182896660|182896719|182897186|19-19
img/pictures/rock_onewingash.png|0|267|267|182897186|182897248|182897515|19-19
img/pictures/rock_optionssheet.png|0|459|459|182897515|182897579|182898038|19-19
img/pictures/rock_papachip.png|0|353|353|182898038|182898098|182898451|19-19
img/pictures/rock_pluto.png|0|405|405|182898451|182898508|182898913|19-19
img/pictures/rock_p_terry.png|0|415|415|182898913|182898972|182899387|19-19
img/pictures/rock_roselad.png|0|432|432|182899387|182899446|182899878|19-19
img/pictures/rock_saucyk_.png|0|360|360|182899878|182899937|182900297|19-19
img/pictures/rock_themuncherking.png|0|418|418|182900297|182900363|182900781|19-19
img/pictures/rock_tomatogirl.png|0|281|281|182900781|182900843|182901124|19-19
img/pictures/sequence/rock-intro_01.png|0|165186|165186|182901124|182901193|183066379|19-19
img/pictures/sequence/rock-intro_02.png|0|205845|205845|183066379|183066448|183272293|19-19
img/pictures/sequence/rock-intro_03.png|0|162439|162439|183272293|183272362|183434801|19-19
img/pictures/sequence/rock-intro_04.png|0|156493|156493|183434801|183434870|183591363|19-19
img/pictures/sequence/rock-intro_05.png|0|152511|152511|183591363|183591432|183743943|19-19
img/pictures/sequence/rock-intro_06.png|0|159676|159676|183743943|183744012|183903688|19-19
img/pictures/sequence/rock-intro_07.png|0|124678|124678|183903688|183903757|184028435|19-19
img/pictures/sequence/rock_intro_01.png|0|165186|165186|184028435|184028504|184193690|19-19
img/pictures/sequence/rock_intro_02.png|0|205845|205845|184193690|184193759|184399604|19-19
img/pictures/sequence/rock_intro_03.png|0|162439|162439|184399604|184399673|184562112|19-19
img/pictures/sequence/rock_intro_04.png|0|156493|156493|184562112|184562181|184718674|19-19
img/pictures/sequence/rock_intro_05.png|0|152511|152511|184718674|184718743|184871254|19-19
img/pictures/sequence/rock_intro_06.png|0|159676|159676|184871254|184871323|185030999|19-19
img/pictures/sequence/rock_intro_07.png|0|124678|124678|185030999|185031068|185155746|19-19
img/pictures/sgl_bossscreen[3x3].png|0|2972|2972|185155746|185155812|185158784|19-19
img/pictures/sgl_bossscreen_3x3_.png|0|2972|2972|185158784|185158850|185161822|19-19
img/pictures/sgl_humphreat[4x4].png|0|15295|15295|185161822|185161887|185177182|19-19
img/pictures/sgl_humphreat_4x4_.png|0|15295|15295|185177182|185177247|185192542|19-19
img/pictures/sgl_mollyhint1.png|0|374|374|185192542|185192603|185192977|19-19
img/pictures/sgl_mollyhint2.png|0|374|374|185192977|185193038|185193412|19-19
img/pictures/sgl_mollyscreen2[2x2].png|0|21431|21431|185193412|185193480|185214911|19-19
img/pictures/sgl_mollyscreen2_2x2_.png|0|21431|21431|185214911|185214979|185236410|19-19
img/pictures/sgl_mollyscreen[3x3].png|0|2437|2437|185236410|185236477|185238914|19-19
img/pictures/sgl_mollyscreen_3x3_.png|0|2437|2437|185238914|185238981|185241418|19-19
img/pictures/sgl_uvula.png|0|13388|13388|185241418|185241474|185254862|19-19
img/pictures/shine.png|0|561|561|185254862|185254914|185255475|19-19
img/pictures/simulation_mari_scare.png|0|161617|161617|185255475|185255543|185417160|19-19
img/pictures/sleepover.png|0|102841|102841|185417160|185417216|185520057|19-19
img/pictures/snake-background.png|0|106|106|185520057|185520120|185520226|19-19
img/pictures/snake-body.png|0|387|387|185520226|185520283|185520670|19-19
img/pictures/snake-food.png|0|142|142|185520670|185520727|185520869|19-19
img/pictures/snake-life.png|0|135|135|185520869|185520926|185521061|19-19
img/pictures/snake-lines.png|0|163|163|185521061|185521119|185521282|19-19
img/pictures/snake-lose.png|0|652|652|185521282|185521339|185521991|19-19
img/pictures/snake-numbers.png|0|254|254|185521991|185522051|185522305|19-19
img/pictures/snake-prompt.png|0|237|237|185522305|185522364|185522601|19-19
img/pictures/snake-scoretext.png|0|203|203|185522601|185522663|185522866|19-19
img/pictures/snake-title.png|0|1196|1196|185522866|185522924|185524120|19-19
img/pictures/snake-titleloop.png|0|223|223|185524120|185524182|185524405|19-19
img/pictures/snake-titlevertloop.png|0|206|206|185524405|185524471|185524677|19-19
img/pictures/snake-win.png|0|787|787|185524677|185524733|185525520|19-19
img/pictures/snake_background.png|0|106|106|185525520|185525583|185525689|19-19
img/pictures/snake_body.png|0|387|387|185525689|185525746|185526133|19-19
img/pictures/snake_food.png|0|142|142|185526133|185526190|185526332|19-19
img/pictures/snake_life.png|0|135|135|185526332|185526389|185526524|19-19
img/pictures/snake_lines.png|0|163|163|185526524|185526582|185526745|19-19
img/pictures/snake_lose.png|0|652|652|185526745|185526802|185527454|19-19
img/pictures/snake_numbers.png|0|254|254|185527454|185527514|185527768|19-19
img/pictures/snake_prompt.png|0|237|237|185527768|185527827|185528064|19-19
img/pictures/snake_scoretext.png|0|203|203|185528064|185528126|185528329|19-19
img/pictures/snake_title.png|0|1196|1196|185528329|185528387|185529583|19-19
img/pictures/snake_titleloop.png|0|223|223|185529583|185529645|185529868|19-19
img/pictures/snake_titlevertloop.png|0|206|206|185529868|185529934|185530140|19-19
img/pictures/snake_win.png|0|787|787|185530140|185530196|185530983|19-19
img/pictures/snaley.png|0|81614|81614|185530983|185531036|185612650|19-19
img/pictures/snow.png|0|222|222|185612650|185612701|185612923|19-19
img/pictures/something_attack[5x2].png|0|38457|38457|185612923|185612991|185651448|19-19
img/pictures/something_attack_5x2_.png|0|38457|38457|185651448|185651516|185689973|19-19
img/pictures/something_border.png|0|29977|29977|185689973|185690036|185720013|19-19
img/pictures/something_border_fill.png|0|20491|20491|185720013|185720081|185740572|19-19
img/pictures/something_engulf_1.png|0|2165|2165|185740572|185740637|185742802|19-19
img/pictures/something_engulf_2.png|0|28060|28060|185742802|185742867|185770927|19-19
img/pictures/something_fearofspiders.png|0|105970|105970|185770927|185770997|185876967|19-19
img/pictures/something_fearofspiders_blurry.png|0|98961|98961|185876967|185877044|185976005|19-19
img/pictures/something_inwater.png|0|22586|22586|185976005|185976069|185998655|19-19
img/pictures/something_in_the_walls[4x1].png|0|16635|16635|185998655|185998729|186015364|19-19
img/pictures/something_in_the_walls_4x1_.png|0|16635|16635|186015364|186015438|186032073|19-19
img/pictures/something_jpgulf_1.png|0|2165|2165|186032073|186032138|186034303|19-19
img/pictures/something_jpgulf_2.png|0|28060|28060|186034303|186034368|186062428|19-19
img/pictures/spiderlegs6x1.png|0|3720|3720|186062428|186062488|186066208|19-19
img/pictures/spiderlegs[6x1].png|0|3591|3591|186066208|186066270|186069861|19-19
img/pictures/spiderlegs_6x1_.png|0|3591|3591|186069861|186069923|186073514|19-19
img/pictures/stare.png|0|3788|3788|186073514|186073566|186077354|19-19
img/pictures/statusparticles.png|0|4118|4118|186077354|186077416|186081534|19-19
img/pictures/steak.png|0|55829|55829|186081534|186081586|186137415|19-19
img/pictures/storm.png|0|339|339|186137415|186137467|186137806|19-19
img/pictures/swallow[5 x3].png|0|854670|854670|186137806|186137866|186992536|19-19
img/pictures/swallow_5_x3_.png|0|854670|854670|186992536|186992596|187847266|19-19
img/pictures/sw_ambience.png|0|52254|52254|187847266|187847324|187899578|19-19
img/pictures/sw_ambience2.png|0|41470|41470|187899578|187899637|187941107|19-19
img/pictures/sw_bachelorsign.png|0|4741|4741|187941107|187941169|187945910|19-19
img/pictures/sw_bachelorsign[2x1].png|0|8342|8342|187945910|187945977|187954319|19-19
img/pictures/sw_bachelorsign_2x1_.png|0|8342|8342|187954319|187954386|187962728|19-19
img/pictures/sw_bg.png|0|2460|2460|187962728|187962780|187965240|19-19
img/pictures/sw_big_laser.png|0|193|193|187965240|187965299|187965492|19-19
img/pictures/sw_castle.png|0|13477|13477|187965492|187965548|187979025|19-19
img/pictures/sw_castle_full.png|0|132077|132077|187979025|187979086|188111163|19-19
img/pictures/sw_colorwheels.png|0|11727|11727|188111163|188111224|188122951|19-19
img/pictures/sw_curtain.png|0|26799|26799|188122951|188123008|188149807|19-19
img/pictures/sw_curtain_top.png|0|21336|21336|188149807|188149868|188171204|19-19
img/pictures/sw_movie_badger.png|0|156765|156765|188171204|188171266|188328031|19-19
img/pictures/sw_movie_dragonfight.png|0|121781|121781|188328031|188328098|188449879|19-19
img/pictures/sw_movie_hypno.png|0|40804|40804|188449879|188449940|188490744|19-19
img/pictures/sw_movie_running.png|0|99876|99876|188490744|188490807|188590683|19-19
img/pictures/sw_movie_sunset.png|0|119449|119449|188590683|188590745|188710194|19-19
img/pictures/sw_movie_telenova.png|0|106152|106152|188710194|188710258|188816410|19-20
img/pictures/sw_movie_tennistime.png|0|108130|108130|188816410|188816476|188924606|20-20
img/pictures/sw_movie_tofu.png|0|96732|96732|188924606|188924666|189021398|20-20
img/pictures/sw_movie_tvshopping.png|0|113598|113598|189021398|189021464|189135062|20-20
img/pictures/sw_movie_xmas.png|0|182928|182928|189135062|189135122|189318050|20-20
img/pictures/sw_oldmole.png|0|2222|2222|189318050|189318107|189320329|20-20
img/pictures/sw_showlight.png|0|768|768|189320329|189320388|189321156|20-20
img/pictures/sw_snaley.png|0|917|917|189321156|189321212|189322129|20-20
img/pictures/sw_spotlight.png|0|299|299|189322129|189322188|189322487|20-20
img/pictures/sw_spotlight2.png|0|535|535|189322487|189322547|189323082|20-20
img/pictures/sw_sweetheart.png|0|2941|2941|189323082|189323142|189326083|20-20
img/pictures/sw_theater_border.png|0|68669|68669|189326083|189326147|189394816|20-20
img/pictures/sw_thorns1.png|0|22141|22141|189394816|189394873|189417014|20-20
img/pictures/sw_thorns2.png|0|27618|27618|189417014|189417071|189444689|20-20
img/pictures/sw_thunder.png|0|7887|7887|189444689|189444746|189452633|20-20
img/pictures/sw_tier_list.png|0|73041|73041|189452633|189452692|189525733|20-20
img/pictures/sw_wide_bottom.png|0|176|176|189525733|189525794|189525970|20-20
img/pictures/sw_wide_top.png|0|176|176|189525970|189526028|189526204|20-20
img/pictures/temporary pictures2/dw_t_aubreyhero.png|0|125258|125258|189526204|189526286|189651544|20-20
img/pictures/temporary pictures2/dw_t_aubreykel.png|0|120629|120629|189651544|189651625|189772254|20-20
img/pictures/temporary pictures2/dw_t_aubreyomori.png|0|126539|126539|189772254|189772337|189898876|20-20
img/pictures/temporary pictures2/dw_t_heroaubrey.png|0|123106|123106|189898876|189898958|190022064|20-20
img/pictures/temporary pictures2/dw_t_herokel.png|0|124676|124676|190022064|190022143|190146819|20-20
img/pictures/temporary pictures2/dw_t_heroomori.png|0|125709|125709|190146819|190146900|190272609|20-20
img/pictures/temporary pictures2/dw_t_kelaubrey.png|0|121651|121651|190272609|190272690|190394341|20-20
img/pictures/temporary pictures2/dw_t_kelhero.png|0|120068|120068|190394341|190394420|190514488|20-20
img/pictures/temporary pictures2/dw_t_kelomori.png|0|124090|124090|190514488|190514568|190638658|20-20
img/pictures/temporary pictures2/dw_t_omoriaubrey.png|0|122114|122114|190638658|190638741|190760855|20-20
img/pictures/temporary pictures2/dw_t_omorihero.png|0|126890|126890|190760855|190760936|190887826|20-20
img/pictures/temporary pictures2/dw_t_omorikel.png|0|119545|119545|190887826|190887906|191007451|20-20
img/pictures/temporarypictures/dw_t_aubreyhero.png|0|120364|120364|191007451|191007531|191127895|20-20
img/pictures/temporarypictures/dw_t_aubreykel.png|0|111769|111769|191127895|191127974|191239743|20-20
img/pictures/temporarypictures/dw_t_aubreyomori.png|0|111727|111727|191239743|191239824|191351551|20-20
img/pictures/temporarypictures/dw_t_heroaubrey.png|0|115292|115292|191351551|191351631|191466923|20-20
img/pictures/temporarypictures/dw_t_herokel.png|0|119016|119016|191466923|191467000|191586016|20-20
img/pictures/temporarypictures/dw_t_heroomori.png|0|119260|119260|191586016|191586095|191705355|20-20
img/pictures/temporarypictures/dw_t_kelaubrey.png|0|112499|112499|191705355|191705434|191817933|20-20
img/pictures/temporarypictures/dw_t_kelhero.png|0|117539|117539|191817933|191818010|191935549|20-20
img/pictures/temporarypictures/dw_t_kelomori.png|0|119573|119573|191935549|191935627|192055200|20-20
img/pictures/temporarypictures/dw_t_omoriaubrey.png|0|116912|116912|192055200|192055281|192172193|20-20
img/pictures/temporarypictures/dw_t_omorihero.png|0|121432|121432|192172193|192172272|192293704|20-20
img/pictures/temporarypictures/dw_t_omorikel.png|0|118278|118278|192293704|192293782|192412060|20-20
img/pictures/temporarypictures/fa_t_aubreyhero.png|0|96352|96352|192412060|192412140|192508492|20-20
img/pictures/temporarypictures/fa_t_aubreykel.png|0|96016|96016|192508492|192508571|192604587|20-20
img/pictures/temporarypictures/fa_t_aubreyomori.png|0|96862|96862|192604587|192604668|192701530|20-20
img/pictures/temporarypictures/fa_t_heroaubrey.png|0|94992|94992|192701530|192701610|192796602|20-20
img/pictures/temporarypictures/fa_t_herokel.png|0|85761|85761|192796602|192796679|192882440|20-20
img/pictures/temporarypictures/fa_t_heroomori.png|0|83341|83341|192882440|192882519|192965860|20-20
img/pictures/temporarypictures/fa_t_kelaubrey.png|0|97594|97594|192965860|192965939|193063533|20-20
img/pictures/temporarypictures/fa_t_kelhero.png|0|78613|78613|193063533|193063610|193142223|20-20
img/pictures/temporarypictures/fa_t_kelomori.png|0|83534|83534|193142223|193142301|193225835|20-20
img/pictures/temporarypictures/fa_t_omoriaubrey.png|0|95657|95657|193225835|193225916|193321573|20-20
img/pictures/temporarypictures/fa_t_omorihero.png|0|83940|83940|193321573|193321652|193405592|20-20
img/pictures/temporarypictures/fa_t_omorikel.png|0|80632|80632|193405592|193405670|193486302|20-20
img/pictures/the_truth.png|0|223179|223179|193486302|193486358|193709537|20-20
img/pictures/the_truth_2.png|0|324788|324788|193709537|193709595|194034383|20-20
img/pictures/the_truth_3.png|0|298930|298930|194034383|194034441|194333371|20-20
img/pictures/the_violin_1.png|0|585851|585851|194333371|194333430|194919281|20-20
img/pictures/the_violin_2.png|0|268842|268842|194919281|194919340|195188182|20-20
img/pictures/treehouse_photo_flip.png|0|412973|412973|195188182|195188249|195601222|20-20
img/pictures/view_binoculars.png|0|29187|29187|195601222|195601284|195630471|20-20
img/pictures/view_deepwell.png|0|1564778|1564778|195630471|195630531|197195309|20-20
img/pictures/view_frozenforest.png|0|907646|907646|197195309|197195373|198103019|20-20
img/pictures/view_orangeoasis.png|0|1023095|1023095|198103019|198103082|199126177|20-21
img/pictures/view_otherworld.png|0|3145194|3145194|199126177|199126239|202271433|21-21
img/pictures/view_telescope.png|0|11278|11278|202271433|202271494|202282772|21-21
img/pictures/vision.png|0|115285|115285|202282772|202282825|202398110|21-21
img/pictures/whitespace_intro.png|0|589374|589374|202398110|202398173|202987547|21-21
img/pictures/white_lightbulb[3x1].png|0|18243|18243|202987547|202987614|203005857|21-21
img/pictures/white_lightbulb_3x1_.png|0|18243|18243|203005857|203005924|203024167|21-21
img/pictures/white_overlay.png|0|40392|40392|203024167|203024227|203064619|21-21
img/pictures/white_screen.png|0|137|137|203064619|203064678|203064815|21-21
img/pictures/ws_door.png|0|9054|9054|203064815|203064869|203073923|21-21
img/pictures/ws_laptop.png|0|123291|123291|203073923|203073979|203197270|21-21
img/pictures/ws_laptop_journal.png|0|20535|20535|203197270|203197334|203217869|21-21
img/pictures/ws_laptop_piano.png|0|286328|286328|203217869|203217931|203504259|21-21
img/pictures/you_died.png|0|2558|2558|203504259|203504314|203506872|21-21
img/pictures/_battle_fear_of_dark_1x4_.png|0|27264|27264|203506872|203506944|203534208|21-21
img/pictures/_bg_stumparea.png|0|612847|612847|203534208|203534268|204147115|21-21
img/pictures/_bs_self.png|0|37779|37779|204147115|204147170|204184949|21-21
img/pictures/_red_space.png|0|390857|390857|204184949|204185006|204575863|21-21
img/slotmachine/bet_line_1.png|0|3701|3701|204575863|204575923|204579624|21-21
img/slotmachine/bet_line_2.png|0|3651|3651|204579624|204579684|204583335|21-21
img/slotmachine/bet_line_3.png|0|3999|3999|204583335|204583395|204587394|21-21
img/slotmachine/bg.png|0|204379|204379|204587394|204587446|204791825|21-21
img/slotmachine/line_base.png|0|6956|6956|204791825|204791884|204798840|21-21
img/slotmachine/reel.png|0|11575|11575|204798840|204798894|204810469|21-21
img/slotmachine/scale_x1.png|0|2141|2141|204810469|204810527|204812668|21-21
img/slotmachine/scale_x10.png|0|2089|2089|204812668|204812727|204814816|21-21
img/slotmachine/scale_x100.png|0|2128|2128|204814816|204814876|204817004|21-21
img/slotmachine/win_cursor.png|0|3529|3529|204817004|204817064|204820593|21-21
img/sv_actors/!battle_abbi.png|0|1278110|1278110|204820593|204820653|206098763|21-21
img/sv_actors/!battle_abbi_tentacle.png|0|316137|316137|206098763|206098832|206414969|21-21
img/sv_actors/!battle_angel.png|0|2987510|2987510|206414969|206415030|209402540|21-22
img/sv_actors/!battle_angi.png|0|940956|940956|209402540|209402600|210343556|22-22
img/sv_actors/!battle_aubrey.png|0|4467992|4467992|210343556|210343618|214811610|22-22
img/sv_actors/!battle_bandito_mole.png|0|190365|190365|214811610|214811678|215002043|22-22
img/sv_actors/!battle_basil_something.png|0|727753|727753|215002043|215002114|215729867|22-22
img/sv_actors/!battle_bee.png|0|32802|32802|215729867|215729926|215762728|22-22
img/sv_actors/!battle_big_strong_tree.png|0|277026|277026|215762728|215762799|216039825|22-22
img/sv_actors/!battle_biscuit_doughie.png|0|11365048|11365048|216039825|216039896|227404944|22-24
img/sv_actors/!battle_blur.png|0|7192|7192|227404944|227405004|227412196|24-24
img/sv_actors/!battle_bread1.png|0|258111|258111|227412196|227412258|227670369|24-24
img/sv_actors/!battle_bread2.png|0|200667|200667|227670369|227670431|227871098|24-24
img/sv_actors/!battle_bread3.png|0|197537|197537|227871098|227871160|228068697|24-24
img/sv_actors/!battle_breadkids.png|0|616714|616714|228068697|228068762|228685476|24-24
img/sv_actors/!battle_bug_bunny.png|0|197289|197289|228685476|228685541|228882830|24-24
img/sv_actors/!battle_bun_bunny.png|0|210426|210426|228882830|228882895|229093321|24-24
img/sv_actors/!battle_celery.png|0|70184|70184|229093321|229093383|229163567|24-24
img/sv_actors/!battle_charlie.png|0|2938617|2938617|229163567|229163630|232102247|24-24
img/sv_actors/!battle_chicken.png|0|153285|153285|232102247|232102310|232255595|24-24
img/sv_actors/!battle_cilantro.png|0|119055|119055|232255595|232255659|232374714|24-24
img/sv_actors/!battle_copy_pasta.png|0|45114|45114|232374714|232374780|232419894|24-24
img/sv_actors/!battle_creepy_pasta.png|0|51250|51250|232419894|232419962|232471212|24-24
img/sv_actors/!battle_crow.png|0|113509|113509|232471212|232471272|232584781|24-24
img/sv_actors/!battle_cupcake_bunny.png|0|249853|249853|232584781|232584850|232834703|24-24
img/sv_actors/!battle_dial_up.png|0|548021|548021|232834703|232834766|233382787|24-24
img/sv_actors/!battle_doom_box.png|0|478428|478428|233382787|233382851|233861279|24-24
img/sv_actors/!battle_download_window.png|0|59180|59180|233861279|233861350|233920530|24-24
img/sv_actors/!battle_dust_bunny.png|0|256416|256416|233920530|233920596|234177012|24-24
img/sv_actors/!battle_earth.png|0|2730054|2730054|234177012|234177073|236907127|24-25
img/sv_actors/!battle_fear_of_dark.png|0|29511|29511|236907127|236907195|236936706|25-25
img/sv_actors/!battle_fear_of_water_1.png|0|63597|63597|236936706|236936777|237000374|25-25
img/sv_actors/!battle_fear_of_water_2.png|0|88064|88064|237000374|237000445|237088509|25-25
img/sv_actors/!battle_fear_of_water_3.png|0|105282|105282|237088509|237088580|237193862|25-25
img/sv_actors/!battle_fish_bunny.png|0|235982|235982|237193862|237193928|237429910|25-25
img/sv_actors/!battle_forest_bunny.png|0|226524|226524|237429910|237429978|237656502|25-25
img/sv_actors/!battle_forest_bunny_question.png|0|203507|203507|237656502|237656579|237860086|25-25
img/sv_actors/!battle_gator.png|0|1105651|1105651|237860086|237860147|238965798|25-25
img/sv_actors/!battle_ghost_bunny.png|0|247433|247433|238965798|238965865|239213298|25-25
img/sv_actors/!battle_ginger.png|0|128848|128848|239213298|239213360|239342208|25-25
img/sv_actors/!battle_gingerdeadman.png|0|229762|229762|239342208|239342277|239572039|25-25
img/sv_actors/!battle_hanging.png|0|8840|8840|239572039|239572102|239580942|25-25
img/sv_actors/!battle_harold.png|0|205005|205005|239580942|239581004|239786009|25-25
img/sv_actors/!battle_hooligans.png|0|11690884|11690884|239786009|239786074|251476958|25-26
img/sv_actors/!battle_horse_butt.png|0|183092|183092|251476958|251477024|251660116|26-26
img/sv_actors/!battle_horse_head.png|0|216480|216480|251660116|251660182|251876662|26-26
img/sv_actors/!battle_housefly.png|0|38946|38946|251876662|251876726|251915672|26-26
img/sv_actors/!battle_humphrey_face.png|0|147622|147622|251915672|251915741|252063363|26-26
img/sv_actors/!battle_humphrey_stage2.png|0|1195305|1195305|252063363|252063434|253258739|26-26
img/sv_actors/!battle_humphrey_uvula.png|0|34812|34812|253258739|253258809|253293621|26-26
img/sv_actors/!battle_humprhey.png|0|693138|693138|253293621|253293685|253986823|26-26
img/sv_actors/!battle_humprhey_swarm.png|0|1340491|1340491|253986823|253986893|255327384|26-27
img/sv_actors/!battle_hush_puppy.png|0|311070|311070|255327384|255327450|255638520|27-27
img/sv_actors/!battle_jackson.png|0|895294|895294|255638520|255638583|256533877|27-27
img/sv_actors/!battle_jawsum.png|0|926091|926091|256533877|256533939|257460030|27-27
img/sv_actors/!battle_kids_kite.png|0|543384|543384|257460030|257460095|258003479|27-27
img/sv_actors/!battle_kim.png|0|2137451|2137451|258003479|258003538|260140989|27-27
img/sv_actors/!battle_king_crawler.png|0|10926812|10926812|260140989|260141057|271067869|27-28
img/sv_actors/!battle_kite_kid.png|0|2560954|2560954|271067869|271067933|273628887|28-28
img/sv_actors/!battle_lab_rat.png|0|481362|481362|273628887|273628950|274110312|28-29
img/sv_actors/!battle_life_jam.png|0|1043698|1043698|274110312|274110376|275154074|29-29
img/sv_actors/!battle_living_bread.png|0|153744|153744|275154074|275154142|275307886|29-29
img/sv_actors/!battle_lucius.png|0|299604|299604|275307886|275307948|275607552|29-29
img/sv_actors/!battle_marina.png|0|1387387|1387387|275607552|275607614|276995001|29-29
img/sv_actors/!battle_marsha.png|0|318641|318641|276995001|276995063|277313704|29-29
img/sv_actors/!battle_maximus.png|0|216787|216787|277313704|277313767|277530554|29-29
img/sv_actors/!battle_medusa.png|0|1214168|1214168|277530554|277530616|278744784|29-29
img/sv_actors/!battle_milkshake_bunny.png|0|331889|331889|278744784|278744855|279076744|29-29
img/sv_actors/!battle_mixtape.png|0|284532|284532|279076744|279076807|279361339|29-29
img/sv_actors/!battle_molly.png|0|1774825|1774825|279361339|279361400|281136225|29-29
img/sv_actors/!battle_mussel.png|0|430179|430179|281136225|281136287|281566466|29-29
img/sv_actors/!battle_mutantheart.png|0|1146772|1146772|281566466|281566533|282713305|29-29
img/sv_actors/!battle_omori.png|0|61748|61748|282713305|282713366|282775114|29-29
img/sv_actors/!battle_omori_2.png|0|52751|52751|282775114|282775177|282827928|29-29
img/sv_actors/!battle_omori_3.png|0|33196|33196|282827928|282827991|282861187|29-29
img/sv_actors/!battle_omori_4.png|0|32853|32853|282861187|282861250|282894103|29-29
img/sv_actors/!battle_omori_5.png|0|40221|40221|282894103|282894166|282934387|29-29
img/sv_actors/!battle_omori_6.png|0|43578|43578|282934387|282934450|282978028|29-29
img/sv_actors/!battle_pancake_bunny.png|0|245396|245396|282978028|282978097|283223493|29-30
img/sv_actors/!battle_perfect_heart.png|0|1082255|1082255|283223493|283223562|284305817|30-30
img/sv_actors/!battle_pluto.png|0|570594|570594|284305817|284305878|284876472|30-30
img/sv_actors/!battle_pluto_beastiary.png|0|171762|171762|284876472|284876543|285048305|30-30
img/sv_actors/!battle_pluto_expanded.png|0|7207095|7207095|285048305|285048375|292255470|30-30
img/sv_actors/!battle_pluto_leftarm.png|0|205570|205570|292255470|292255539|292461109|30-30
img/sv_actors/!battle_pluto_rightarm.png|0|206219|206219|292461109|292461179|292667398|30-31
img/sv_actors/!battle_porcupie.png|0|344849|344849|292667398|292667462|293012311|31-31
img/sv_actors/!battle_potted_plant.png|0|392731|392731|293012311|293012379|293405110|31-31
img/sv_actors/!battle_rabbit.png|0|142062|142062|293405110|293405172|293547234|31-31
img/sv_actors/!battle_rare_bear.png|0|1311900|1311900|293547234|293547299|294859199|31-31
img/sv_actors/!battle_reckut.png|0|945684|945684|294859199|294859261|295804945|31-31
img/sv_actors/!battle_recycle_path.png|0|839702|839702|295804945|295805013|296644715|31-31
img/sv_actors/!battle_recyclist.png|0|766885|766885|296644715|296644780|297411665|31-31
img/sv_actors/!battle_recyclist_2.png|0|785829|785829|297411665|297411732|298197561|31-31
img/sv_actors/!battle_reverse_mermaid.png|0|232217|232217|298197561|298197632|298429849|31-31
img/sv_actors/!battle_roboheart.png|0|2462921|2462921|298429849|298429914|300892835|31-31
img/sv_actors/!battle_shadow_basil.png|0|40313|40313|300892835|300892903|300933216|31-31
img/sv_actors/!battle_shark_fin.png|0|120302|120302|300933216|300933281|301053583|31-31
img/sv_actors/!battle_shark_plane.png|0|584600|584600|301053583|301053650|301638250|31-31
img/sv_actors/!battle_slimegirls.png|0|12047423|12047423|301638250|301638316|313685739|31-33
img/sv_actors/!battle_slime_bunny.png|0|188574|188574|313685739|313685806|313874380|33-33
img/sv_actors/!battle_snaley.png|0|281606|281606|313874380|313874442|314156048|33-33
img/sv_actors/!battle_snot_bubble.png|0|330719|330719|314156048|314156115|314486834|33-33
img/sv_actors/!battle_snow_angel.png|0|1618353|1618353|314486834|314486900|316105253|33-33
img/sv_actors/!battle_snow_bunny.png|0|236961|236961|316105253|316105319|316342280|33-33
img/sv_actors/!battle_snow_pile.png|0|353098|353098|316342280|316342345|316695443|33-33
img/sv_actors/!battle_something.png|0|21432|21432|316695443|316695508|316716940|33-33
img/sv_actors/!battle_something_cindi.png|0|15980|15980|316716940|316717011|316732991|33-33
img/sv_actors/!battle_something_dorothi.png|0|54860|54860|316732991|316733064|316787924|33-33
img/sv_actors/!battle_something_in_the_dark.png|0|98826|98826|316787924|316788001|316886827|33-33
img/sv_actors/!battle_something_in_the_walls.png|0|93448|93448|316886827|316886905|316980353|33-33
img/sv_actors/!battle_something_in_the_walls_spider.png|0|4228|4228|316980353|316980438|316984666|33-33
img/sv_actors/!battle_something_in_the_water_1.png|0|127548|127548|316984666|316984746|317112294|33-33
img/sv_actors/!battle_something_in_the_water_2.png|0|236506|236506|317112294|317112374|317348880|33-33
img/sv_actors/!battle_something_in_the_water_3.png|0|247512|247512|317348880|317348960|317596472|33-33
img/sv_actors/!battle_something_lilli.png|0|33503|33503|317596472|317596543|317630046|33-33
img/sv_actors/!battle_something_merci.png|0|53154|53154|317630046|317630117|317683271|33-33
img/sv_actors/!battle_something_nanci.png|0|71147|71147|317683271|317683342|317754489|33-33
img/sv_actors/!battle_something_salli.png|0|8816|8816|317754489|317754560|317763376|33-33
img/sv_actors/!battle_space_bunny.png|0|298467|298467|317763376|317763443|318061910|33-33
img/sv_actors/!battle_space_exboyfriend.png|0|1762450|1762450|318061910|318061983|319824433|33-33
img/sv_actors/!battle_space_exhusband.png|0|1075983|1075983|319824433|319824504|320900487|33-34
img/sv_actors/!battle_space_exhusband_neutral.png|0|933767|933767|320900487|320900566|321834333|34-34
img/sv_actors/!battle_spider_cat.png|0|543140|543140|321834333|321834399|322377539|34-34
img/sv_actors/!battle_sprout_bunny.png|0|237415|237415|322377539|322377607|322615022|34-34
img/sv_actors/!battle_sprout_mole.png|0|192502|192502|322615022|322615089|322807591|34-34
img/sv_actors/!battle_sprout_mole_question.png|0|188702|188702|322807591|322807667|322996369|34-34
img/sv_actors/!battle_sprout_mole_questionmark.png|0|254066|254066|322996369|322996449|323250515|34-34
img/sv_actors/!battle_sprout_mole_upside_down.png|0|188083|188083|323250515|323250594|323438677|34-34
img/sv_actors/!battle_squizzard.png|0|279845|279845|323438677|323438742|323718587|34-34
img/sv_actors/!battle_strawberry_shortsnake.png|0|259306|259306|323718587|323718664|323977970|34-34
img/sv_actors/!battle_stray_dog.png|0|480584|480584|323977970|323978035|324458619|34-34
img/sv_actors/!battle_sweetheart.png|0|12844377|12844377|324458619|324458685|337303062|34-35
img/sv_actors/!battle_therese.png|0|219302|219302|337303062|337303125|337522427|35-35
img/sv_actors/!battle_the_maverick.png|0|3467862|3467862|337522427|337522495|340990357|35-36
img/sv_actors/!battle_toast_ghost.png|0|183868|183868|340990357|340990424|341174292|36-36
img/sv_actors/!battle_ufo.png|0|119407|119407|341174292|341174351|341293758|36-36
img/sv_actors/!battle_ugly_plant_creature.png|0|808117|808117|341293758|341293833|342101950|36-36
img/sv_actors/!battle_ugly_plant_creature_root.png|0|252475|252475|342101950|342102030|342354505|36-36
img/sv_actors/!battle_uncle_chip.png|0|1851889|1851889|342354505|342354571|344206460|36-36
img/sv_actors/!battle_vance.png|0|5166192|5166192|344206460|344206521|349372713|36-37
img/sv_actors/!battle_venus_flytrap.png|0|315467|315467|349372713|349372782|349688249|37-37
img/sv_actors/!battle_watermelon_mimic.png|0|433624|433624|349688249|349688321|350121945|37-37
img/sv_actors/!battle_wormhole.png|0|219704|219704|350121945|350122009|350341713|37-37
img/sv_actors/!battle_worm_bot.png|0|486484|486484|350341713|350341777|350828261|37-37
img/sv_actors/!battle_ye_old_sprout.png|0|6873483|6873483|350828261|350828330|357701813|37-37
img/sv_actors/!boss_hero.png|0|266398|266398|357701813|357701871|357968269|37-37
img/sv_actors/!simulation_aubrey.png|0|2769412|2769412|357968269|357968335|360737747|37-38
img/sv_actors/!simulation_hero.png|0|3094130|3094130|360737747|360737811|363831941|38-38
img/sv_actors/!simulation_kel.png|0|2592086|2592086|363831941|363832004|366424090|38-38
img/sv_actors/!simulation_mari.png|0|3071808|3071808|366424090|366424154|369495962|38-39
img/sv_actors/_battle_abbi.png|0|1278110|1278110|369495962|369496022|370774132|39-39
img/sv_actors/_battle_abbi_tentacle.png|0|316137|316137|370774132|370774201|371090338|39-39
img/sv_actors/_battle_angel.png|0|2987510|2987510|371090338|371090399|374077909|39-39
img/sv_actors/_battle_angi.png|0|940956|940956|374077909|374077969|375018925|39-39
img/sv_actors/_battle_aubrey.png|0|4467992|4467992|375018925|375018987|379486979|39-40
img/sv_actors/_battle_bandito_mole.png|0|190365|190365|379486979|379487047|379677412|40-40
img/sv_actors/_battle_basil_something.png|0|727753|727753|379677412|379677483|380405236|40-40
img/sv_actors/_battle_bee.png|0|32802|32802|380405236|380405295|380438097|40-40
img/sv_actors/_battle_big_strong_tree.png|0|277026|277026|380438097|380438168|380715194|40-40
img/sv_actors/_battle_biscuit_doughie.png|0|11365048|11365048|380715194|380715265|392080313|40-41
img/sv_actors/_battle_blur.png|0|7192|7192|392080313|392080373|392087565|41-41
img/sv_actors/_battle_bread1.png|0|258111|258111|392087565|392087627|392345738|41-41
img/sv_actors/_battle_bread2.png|0|200667|200667|392345738|392345800|392546467|41-41
img/sv_actors/_battle_bread3.png|0|197537|197537|392546467|392546529|392744066|41-41
img/sv_actors/_battle_breadkids.png|0|616714|616714|392744066|392744131|393360845|41-41
img/sv_actors/_battle_bug_bunny.png|0|197289|197289|393360845|393360910|393558199|41-41
img/sv_actors/_battle_bun_bunny.png|0|210426|210426|393558199|393558264|393768690|41-41
img/sv_actors/_battle_celery.png|0|70184|70184|393768690|393768752|393838936|41-41
img/sv_actors/_battle_charlie.png|0|2938617|2938617|393838936|393838999|396777616|41-42
img/sv_actors/_battle_chicken.png|0|153285|153285|396777616|396777679|396930964|42-42
img/sv_actors/_battle_cilantro.png|0|119055|119055|396930964|396931028|397050083|42-42
img/sv_actors/_battle_copy_pasta.png|0|45114|45114|397050083|397050149|397095263|42-42
img/sv_actors/_battle_creepy_pasta.png|0|51250|51250|397095263|397095331|397146581|42-42
img/sv_actors/_battle_crow.png|0|113509|113509|397146581|397146641|397260150|42-42
img/sv_actors/_battle_cupcake_bunny.png|0|249853|249853|397260150|397260219|397510072|42-42
img/sv_actors/_battle_dial_up.png|0|548021|548021|397510072|397510135|398058156|42-42
img/sv_actors/_battle_doom_box.png|0|478428|478428|398058156|398058220|398536648|42-42
img/sv_actors/_battle_download_window.png|0|59180|59180|398536648|398536719|398595899|42-42
img/sv_actors/_battle_dust_bunny.png|0|256416|256416|398595899|398595965|398852381|42-42
img/sv_actors/_battle_earth.png|0|2730054|2730054|398852381|398852442|401582496|42-42
img/sv_actors/_battle_fear_of_dark.png|0|29511|29511|401582496|401582564|401612075|42-42
img/sv_actors/_battle_fear_of_water_1.png|0|63597|63597|401612075|401612146|401675743|42-42
img/sv_actors/_battle_fear_of_water_2.png|0|88064|88064|401675743|401675814|401763878|42-42
img/sv_actors/_battle_fear_of_water_3.png|0|105282|105282|401763878|401763949|401869231|42-42
img/sv_actors/_battle_fish_bunny.png|0|235982|235982|401869231|401869297|402105279|42-42
img/sv_actors/_battle_forest_bunny.png|0|226524|226524|402105279|402105347|402331871|42-42
img/sv_actors/_battle_forest_bunny_question.png|0|203507|203507|402331871|402331948|402535455|42-42
img/sv_actors/_battle_gator.png|0|1105651|1105651|402535455|402535516|403641167|42-42
img/sv_actors/_battle_ghost_bunny.png|0|247433|247433|403641167|403641234|403888667|42-42
img/sv_actors/_battle_ginger.png|0|128848|128848|403888667|403888729|404017577|42-42
img/sv_actors/_battle_gingerdeadman.png|0|229762|229762|404017577|404017646|404247408|42-42
img/sv_actors/_battle_hanging.png|0|8840|8840|404247408|404247471|404256311|42-42
img/sv_actors/_battle_harold.png|0|205005|205005|404256311|404256373|404461378|42-42
img/sv_actors/_battle_hooligans.png|0|11690884|11690884|404461378|404461443|416152327|42-44
img/sv_actors/_battle_horse_butt.png|0|183092|183092|416152327|416152393|416335485|44-44
img/sv_actors/_battle_horse_head.png|0|216480|216480|416335485|416335551|416552031|44-44
img/sv_actors/_battle_housefly.png|0|38946|38946|416552031|416552095|416591041|44-44
img/sv_actors/_battle_humphrey_face.png|0|147622|147622|416591041|416591110|416738732|44-44
img/sv_actors/_battle_humphrey_stage2.png|0|1195305|1195305|416738732|416738803|417934108|44-44
img/sv_actors/_battle_humphrey_uvula.png|0|34812|34812|417934108|417934178|417968990|44-44
img/sv_actors/_battle_humprhey.png|0|693138|693138|417968990|417969054|418662192|44-44
img/sv_actors/_battle_humprhey_swarm.png|0|1340491|1340491|418662192|418662262|420002753|44-44
img/sv_actors/_battle_hush_puppy.png|0|311070|311070|420002753|420002819|420313889|44-44
img/sv_actors/_battle_jackson.png|0|895294|895294|420313889|420313952|421209246|44-44
img/sv_actors/_battle_jawsum.png|0|926091|926091|421209246|421209308|422135399|44-44
img/sv_actors/_battle_kids_kite.png|0|543384|543384|422135399|422135464|422678848|44-44
img/sv_actors/_battle_kim.png|0|2137451|2137451|422678848|422678907|424816358|44-45
img/sv_actors/_battle_king_crawler.png|0|10926812|10926812|424816358|424816426|435743238|45-46
img/sv_actors/_battle_kite_kid.png|0|2560954|2560954|435743238|435743302|438304256|46-46
img/sv_actors/_battle_lab_rat.png|0|481362|481362|438304256|438304319|438785681|46-46
img/sv_actors/_battle_life_jam.png|0|1043698|1043698|438785681|438785745|439829443|46-46
img/sv_actors/_battle_living_bread.png|0|153744|153744|439829443|439829511|439983255|46-46
img/sv_actors/_battle_lucius.png|0|299604|299604|439983255|439983317|440282921|46-46
img/sv_actors/_battle_marina.png|0|1387387|1387387|440282921|440282983|441670370|46-46
img/sv_actors/_battle_marsha.png|0|318641|318641|441670370|441670432|441989073|46-46
img/sv_actors/_battle_maximus.png|0|216787|216787|441989073|441989136|442205923|46-46
img/sv_actors/_battle_medusa.png|0|1214168|1214168|442205923|442205985|443420153|46-46
img/sv_actors/_battle_milkshake_bunny.png|0|331889|331889|443420153|443420224|443752113|46-47
img/sv_actors/_battle_mixtape.png|0|284532|284532|443752113|443752176|444036708|47-47
img/sv_actors/_battle_molly.png|0|1774825|1774825|444036708|444036769|445811594|47-47
img/sv_actors/_battle_mussel.png|0|430179|430179|445811594|445811656|446241835|47-47
img/sv_actors/_battle_mutantheart.png|0|1146772|1146772|446241835|446241902|447388674|47-47
img/sv_actors/_battle_omori.png|0|61748|61748|447388674|447388735|447450483|47-47
img/sv_actors/_battle_omori_2.png|0|52751|52751|447450483|447450546|447503297|47-47
img/sv_actors/_battle_omori_3.png|0|33196|33196|447503297|447503360|447536556|47-47
img/sv_actors/_battle_omori_4.png|0|32853|32853|447536556|447536619|447569472|47-47
img/sv_actors/_battle_omori_5.png|0|40221|40221|447569472|447569535|447609756|47-47
img/sv_actors/_battle_omori_6.png|0|43578|43578|447609756|447609819|447653397|47-47
img/sv_actors/_battle_pancake_bunny.png|0|245396|245396|447653397|447653466|447898862|47-47
img/sv_actors/_battle_perfect_heart.png|0|1082255|1082255|447898862|447898931|448981186|47-47
img/sv_actors/_battle_pluto.png|0|570594|570594|448981186|448981247|449551841|47-47
img/sv_actors/_battle_pluto_beastiary.png|0|171762|171762|449551841|449551912|449723674|47-47
img/sv_actors/_battle_pluto_expanded.png|0|7207095|7207095|449723674|449723744|456930839|47-48
img/sv_actors/_battle_pluto_leftarm.png|0|205570|205570|456930839|456930908|457136478|48-48
img/sv_actors/_battle_pluto_rightarm.png|0|206219|206219|457136478|457136548|457342767|48-48
img/sv_actors/_battle_porcupie.png|0|344849|344849|457342767|457342831|457687680|48-48
img/sv_actors/_battle_potted_plant.png|0|392731|392731|457687680|457687748|458080479|48-48
img/sv_actors/_battle_rabbit.png|0|142062|142062|458080479|458080541|458222603|48-48
img/sv_actors/_battle_rare_bear.png|0|1311900|1311900|458222603|458222668|459534568|48-48
img/sv_actors/_battle_reckut.png|0|945684|945684|459534568|459534630|460480314|48-48
img/sv_actors/_battle_recycle_path.png|0|839702|839702|460480314|460480382|461320084|48-48
img/sv_actors/_battle_recyclist.png|0|766885|766885|461320084|461320149|462087034|48-48
img/sv_actors/_battle_recyclist_2.png|0|785829|785829|462087034|462087101|462872930|48-49
img/sv_actors/_battle_reverse_mermaid.png|0|232217|232217|462872930|462873001|463105218|49-49
img/sv_actors/_battle_roboheart.png|0|2462921|2462921|463105218|463105283|465568204|49-49
img/sv_actors/_battle_shadow_basil.png|0|40313|40313|465568204|465568272|465608585|49-49
img/sv_actors/_battle_shark_fin.png|0|120302|120302|465608585|465608650|465728952|49-49
img/sv_actors/_battle_shark_plane.png|0|584600|584600|465728952|465729019|466313619|49-49
img/sv_actors/_battle_slimegirls.png|0|12047423|12047423|466313619|466313685|478361108|49-50
img/sv_actors/_battle_slime_bunny.png|0|188574|188574|478361108|478361175|478549749|50-50
img/sv_actors/_battle_snaley.png|0|281606|281606|478549749|478549811|478831417|50-50
img/sv_actors/_battle_snot_bubble.png|0|330719|330719|478831417|478831484|479162203|50-50
img/sv_actors/_battle_snow_angel.png|0|1618353|1618353|479162203|479162269|480780622|50-50
img/sv_actors/_battle_snow_bunny.png|0|236961|236961|480780622|480780688|481017649|50-50
img/sv_actors/_battle_snow_pile.png|0|353098|353098|481017649|481017714|481370812|50-51
img/sv_actors/_battle_something.png|0|21432|21432|481370812|481370877|481392309|51-51
img/sv_actors/_battle_something_cindi.png|0|15980|15980|481392309|481392380|481408360|51-51
img/sv_actors/_battle_something_dorothi.png|0|54860|54860|481408360|481408433|481463293|51-51
img/sv_actors/_battle_something_in_the_dark.png|0|98826|98826|481463293|481463370|481562196|51-51
img/sv_actors/_battle_something_in_the_walls.png|0|93448|93448|481562196|481562274|481655722|51-51
img/sv_actors/_battle_something_in_the_walls_spider.png|0|4228|4228|481655722|481655807|481660035|51-51
img/sv_actors/_battle_something_in_the_water_1.png|0|127548|127548|481660035|481660115|481787663|51-51
img/sv_actors/_battle_something_in_the_water_2.png|0|236506|236506|481787663|481787743|482024249|51-51
img/sv_actors/_battle_something_in_the_water_3.png|0|247512|247512|482024249|482024329|482271841|51-51
img/sv_actors/_battle_something_lilli.png|0|33503|33503|482271841|482271912|482305415|51-51
img/sv_actors/_battle_something_merci.png|0|53154|53154|482305415|482305486|482358640|51-51
img/sv_actors/_battle_something_nanci.png|0|71147|71147|482358640|482358711|482429858|51-51
img/sv_actors/_battle_something_salli.png|0|8816|8816|482429858|482429929|482438745|51-51
img/sv_actors/_battle_space_bunny.png|0|298467|298467|482438745|482438812|482737279|51-51
img/sv_actors/_battle_space_exboyfriend.png|0|1762450|1762450|482737279|482737352|484499802|51-51
img/sv_actors/_battle_space_exhusband.png|0|1075983|1075983|484499802|484499873|485575856|51-51
img/sv_actors/_battle_space_exhusband_neutral.png|0|933767|933767|485575856|485575935|486509702|51-51
img/sv_actors/_battle_spider_cat.png|0|543140|543140|486509702|486509768|487052908|51-51
img/sv_actors/_battle_sprout_bunny.png|0|237415|237415|487052908|487052976|487290391|51-51
img/sv_actors/_battle_sprout_mole.png|0|192502|192502|487290391|487290458|487482960|51-51
img/sv_actors/_battle_sprout_mole_question.png|0|188702|188702|487482960|487483036|487671738|51-51
img/sv_actors/_battle_sprout_mole_questionmark.png|0|254066|254066|487671738|487671818|487925884|51-51
img/sv_actors/_battle_sprout_mole_upside_down.png|0|188083|188083|487925884|487925963|488114046|51-51
img/sv_actors/_battle_squizzard.png|0|279845|279845|488114046|488114111|488393956|51-51
img/sv_actors/_battle_strawberry_shortsnake.png|0|259306|259306|488393956|488394033|488653339|51-51
img/sv_actors/_battle_stray_dog.png|0|480584|480584|488653339|488653404|489133988|51-51
img/sv_actors/_battle_sweetheart.png|0|12844377|12844377|489133988|489134054|501978431|51-53
img/sv_actors/_battle_therese.png|0|219302|219302|501978431|501978494|502197796|53-53
img/sv_actors/_battle_the_maverick.png|0|3467862|3467862|502197796|502197864|505665726|53-53
img/sv_actors/_battle_toast_ghost.png|0|183868|183868|505665726|505665793|505849661|53-53
img/sv_actors/_battle_ufo.png|0|119407|119407|505849661|505849720|505969127|53-53
img/sv_actors/_battle_ugly_plant_creature.png|0|808117|808117|505969127|505969202|506777319|53-53
img/sv_actors/_battle_ugly_plant_creature_root.png|0|252475|252475|506777319|506777399|507029874|53-53
img/sv_actors/_battle_uncle_chip.png|0|1851889|1851889|507029874|507029940|508881829|53-53
img/sv_actors/_battle_vance.png|0|5166192|5166192|508881829|508881890|514048082|53-54
img/sv_actors/_battle_venus_flytrap.png|0|315467|315467|514048082|514048151|514363618|54-54
img/sv_actors/_battle_watermelon_mimic.png|0|433624|433624|514363618|514363690|514797314|54-54
img/sv_actors/_battle_wormhole.png|0|219704|219704|514797314|514797378|515017082|54-54
img/sv_actors/_battle_worm_bot.png|0|486484|486484|515017082|515017146|515503630|54-54
img/sv_actors/_battle_ye_old_sprout.png|0|6873483|6873483|515503630|515503699|522377182|54-55
img/system/ACSArrows.png|0|871|871|522377182|522377236|522378107|55-55
img/system/ACS_Bubble.png|0|44985|44985|522378107|522378162|522423147|55-55
img/system/afraid.png|0|143|143|522423147|522423198|522423341|55-55
img/system/ALBUM_BLACKSPACE.png|0|6670|6670|522423341|522423402|522430072|55-55
img/system/ALBUM_DREAMWORLD.png|0|6343|6343|522430072|522430133|522436476|55-55
img/system/ALBUM_FARAWAY.png|0|5864|5864|522436476|522436534|522442398|55-55
img/system/Balloon.png|0|6032|6032|522442398|522442450|522448482|55-55
img/system/BalloonDoReMi.png|0|1721|1721|522448482|522448540|522450261|55-55
img/system/bar_gradients.png|0|577|577|522450261|522450319|522450896|55-55
img/system/BattleCommands_BlackSpace.png|0|7341|7341|522450896|522450966|522458307|55-55
img/system/BattleCommands_BS_ATK_SKILL.png|0|5996|5996|522458307|522458379|522464375|55-55
img/system/BattleCommands_DreamWorld.png|0|10572|10572|522464375|522464445|522475017|55-55
img/system/BattleCommands_Faraway.png|0|18699|18699|522475017|522475084|522493783|55-55
img/system/battleui/ALBUM_BLACKSPACE.png|0|6670|6670|522493783|522493853|522500523|55-55
img/system/battleui/ALBUM_DREAMWORLD.png|0|6343|6343|522500523|522500593|522506936|55-55
img/system/battleui/ALBUM_FARAWAY.png|0|5864|5864|522506936|522507003|522512867|55-55
img/system/battleui/bsys_commandwindow.png|0|581|581|522512867|522512939|522513520|55-55
img/system/battleui/hero_aubrey.png|0|8681|8681|522513520|522513585|522522266|55-55
img/system/battleui/hero_kel.png|0|8549|8549|522522266|522522328|522530877|55-55
img/system/battleui/hero_omori.png|0|6056|6056|522530877|522530941|522536997|55-55
img/system/battleui/kel_aubrey.png|0|8786|8786|522536997|522537061|522545847|55-55
img/system/battleui/kel_hero.png|0|8568|8568|522545847|522545909|522554477|55-55
img/system/battleui/kel_omori.png|0|5965|5965|522554477|522554540|522560505|55-55
img/system/battleui/omori_attack_again.png|0|6430|6430|522560505|522560577|522567007|55-55
img/system/battleui/omori_release_energy.png|0|26019|26019|522567007|522567081|522593100|55-55
img/system/battleui/omori_trip.png|0|6352|6352|522593100|522593164|522599516|55-55
img/system/battle_speech_tail.png|0|178|178|522599516|522599579|522599757|55-55
img/system/Battle_Window.png|0|398|398|522599757|522599815|522600213|55-55
img/system/Blackletters_menu.png|0|10003|10003|522600213|522600275|522610278|55-55
img/system/blackletter_bg.png|0|218835|218835|522610278|522610337|522829172|55-55
img/system/blackLetter_map_atlas.png|0|72430|72430|522829172|522829238|522901668|55-55
img/system/bsys_battlelog.png|0|130|130|522901668|522901727|522901857|55-55
img/system/bsys_commandwindow.png|0|566|566|522901857|522901920|522902486|55-55
img/system/bsys_cursor.png|0|307|307|522902486|522902542|522902849|55-55
img/system/bsys_heart.png|0|1533|1533|522902849|522902904|522904437|55-55
img/system/bsys_heartgauge.png|0|1097|1097|522904437|522904497|522905594|55-55
img/system/bsys_heart_a.png|0|247|247|522905594|522905651|522905898|55-55
img/system/bsys_polaroidbox.png|0|215|215|522905898|522905959|522906174|55-55
img/system/bsys_staticbar.png|0|1105|1105|522906174|522906233|522907338|55-55
img/system/ButtonSet.png|0|3969|3969|522907338|522907392|522911361|55-55
img/system/cursor_menu.png|0|307|307|522911361|522911417|522911724|55-55
img/system/cursor_sheet.png|0|104|104|522911724|522911781|522911885|55-55
img/system/Damage.png|0|24304|24304|522911885|522911936|522936240|55-55
img/system/enemy_box.png|0|120|120|522936240|522936294|522936414|55-55
img/system/enemy_box_gradients.png|0|1097|1097|522936414|522936478|522937575|55-55
img/system/energy_stress_ekg_line.png|0|19458|19458|522937575|522937642|522957100|55-55
img/system/equip_arrow.png|0|109|109|522957100|522957156|522957265|55-55
img/system/faceset_states.png|0|18673|18673|522957265|522957324|522975997|55-55
img/system/GameOver.png|0|104521|104521|522975997|522976050|523080571|55-55
img/system/GameOverBG.png|0|37221|37221|523080571|523080626|523117847|55-55
img/system/GameOverText.png|0|6842|6842|523117847|523117904|523124746|55-55
img/system/HangmanStates.png|0|339|339|523124746|523124804|523125143|55-55
img/system/hero_aubrey.png|0|8353|8353|523125143|523125199|523133552|55-55
img/system/hero_kel.png|0|7993|7993|523133552|523133605|523141598|55-55
img/system/hero_omori.png|0|6200|6200|523141598|523141653|523147853|55-55
img/system/hp_icon.png|0|372|372|523147853|523147905|523148277|55-55
img/system/IconSet.png|0|69749|69749|523148277|523148329|523218078|55-55
img/system/input/16x16_black_all.png|0|4655|4655|523218078|523218144|523222799|55-55
img/system/input/24x24-black/black_kb_alt_strip2.png|0|362|362|523222799|523222881|523223243|55-55
img/system/input/24x24-black/black_kb_arrowdown_strip2.png|0|365|365|523223243|523223331|523223696|55-55
img/system/input/24x24-black/black_kb_arrowleft_strip2.png|0|357|357|523223696|523223784|523224141|55-55
img/system/input/24x24-black/black_kb_arrowright_strip2.png|0|360|360|523224141|523224230|523224590|55-55
img/system/input/24x24-black/black_kb_arrowup_strip2.png|0|364|364|523224590|523224676|523225040|55-55
img/system/input/24x24-black/black_kb_caps_strip2.png|0|390|390|523225040|523225123|523225513|55-55
img/system/input/24x24-black/black_kb_control_strip2.png|0|396|396|523225513|523225599|523225995|55-55
img/system/input/24x24-black/black_kb_empty2_strip2.png|0|294|294|523225995|523226080|523226374|55-55
img/system/input/24x24-black/black_kb_empty_strip2.png|0|284|284|523226374|523226458|523226742|55-55
img/system/input/24x24-black/black_kb_enter_strip2.png|0|383|383|523226742|523226826|523227209|55-55
img/system/input/24x24-black/black_kb_escape_strip2.png|0|385|385|523227209|523227294|523227679|55-55
img/system/input/24x24-black/black_kb_key_0_thick_strip2.png|0|389|389|523227679|523227769|523228158|55-55
img/system/input/24x24-black/black_kb_key_0_thin_strip2.png|0|364|364|523228158|523228247|523228611|55-55
img/system/input/24x24-black/black_kb_key_1_thick_strip2.png|0|343|343|523228611|523228701|523229044|55-55
img/system/input/24x24-black/black_kb_key_1_thin_strip2.png|0|318|318|523229044|523229133|523229451|55-55
img/system/input/24x24-black/black_kb_key_2_thick_strip2.png|0|383|383|523229451|523229541|523229924|55-55
img/system/input/24x24-black/black_kb_key_2_thin_strip2.png|0|368|368|523229924|523230013|523230381|55-55
img/system/input/24x24-black/black_kb_key_3_thick_strip2.png|0|381|381|523230381|523230471|523230852|55-55
img/system/input/24x24-black/black_kb_key_3_thin_strip2.png|0|361|361|523230852|523230941|523231302|55-55
img/system/input/24x24-black/black_kb_key_4_thick_strip2.png|0|328|328|523231302|523231392|523231720|55-55
img/system/input/24x24-black/black_kb_key_4_thin_strip2.png|0|321|321|523231720|523231809|523232130|55-55
img/system/input/24x24-black/black_kb_key_5_thick_strip2.png|0|374|374|523232130|523232220|523232594|55-55
img/system/input/24x24-black/black_kb_key_5_thin_strip2.png|0|354|354|523232594|523232683|523233037|55-55
img/system/input/24x24-black/black_kb_key_6_thick_strip2.png|0|391|391|523233037|523233127|523233518|55-55
img/system/input/24x24-black/black_kb_key_6_thin_strip2.png|0|364|364|523233518|523233607|523233971|55-55
img/system/input/24x24-black/black_kb_key_7_thick_strip2.png|0|383|383|523233971|523234061|523234444|55-55
img/system/input/24x24-black/black_kb_key_7_thin_strip2.png|0|354|354|523234444|523234533|523234887|55-55
img/system/input/24x24-black/black_kb_key_8_thick_strip2.png|0|396|396|523234887|523234977|523235373|55-55
img/system/input/24x24-black/black_kb_key_8_thin_strip2.png|0|344|344|523235373|523235462|523235806|55-55
img/system/input/24x24-black/black_kb_key_9_thick_strip2.png|0|392|392|523235806|523235896|523236288|55-55
img/system/input/24x24-black/black_kb_key_9_thin_strip2.png|0|356|356|523236288|523236377|523236733|55-55
img/system/input/24x24-black/black_kb_key_ae_thick_strip2.png|0|402|402|523236733|523236824|523237226|55-55
img/system/input/24x24-black/black_kb_key_ae_thin_strip2.png|0|349|349|523237226|523237316|523237665|55-55
img/system/input/24x24-black/black_kb_key_a_thick_strip2.png|0|396|396|523237665|523237755|523238151|55-55
img/system/input/24x24-black/black_kb_key_a_thin_strip2.png|0|344|344|523238151|523238240|523238584|55-55
img/system/input/24x24-black/black_kb_key_b_thick_strip2.png|0|374|374|523238584|523238674|523239048|55-55
img/system/input/24x24-black/black_kb_key_b_thin_strip2.png|0|352|352|523239048|523239137|523239489|55-55
img/system/input/24x24-black/black_kb_key_comma_thick_strip2.png|0|318|318|523239489|523239583|523239901|55-55
img/system/input/24x24-black/black_kb_key_comma_thin_strip2.png|0|318|318|523239901|523239994|523240312|55-55
img/system/input/24x24-black/black_kb_key_c_thick_strip2.png|0|372|372|523240312|523240402|523240774|55-55
img/system/input/24x24-black/black_kb_key_c_thin_strip2.png|0|351|351|523240774|523240863|523241214|55-55
img/system/input/24x24-black/black_kb_key_divide_thick_strip2.png|0|341|341|523241214|523241309|523241650|55-55
img/system/input/24x24-black/black_kb_key_divide_thin_strip2.png|0|318|318|523241650|523241744|523242062|55-55
img/system/input/24x24-black/black_kb_key_dot_thick_strip2.png|0|299|299|523242062|523242154|523242453|55-55
img/system/input/24x24-black/black_kb_key_dot_thin_strip2.png|0|299|299|523242453|523242544|523242843|55-55
img/system/input/24x24-black/black_kb_key_d_thick_strip2.png|0|371|371|523242843|523242933|523243304|55-55
img/system/input/24x24-black/black_kb_key_d_thin_strip2.png|0|337|337|523243304|523243393|523243730|55-55
img/system/input/24x24-black/black_kb_key_e_thick_strip2.png|0|327|327|523243730|523243820|523244147|55-55
img/system/input/24x24-black/black_kb_key_e_thin_strip2.png|0|332|332|523244147|523244236|523244568|55-55
img/system/input/24x24-black/black_kb_key_F10_strip2.png|0|395|395|523244568|523244654|523245049|55-55
img/system/input/24x24-black/black_kb_key_F11_strip2.png|0|346|346|523245049|523245135|523245481|55-55
img/system/input/24x24-black/black_kb_key_F12_strip2.png|0|397|397|523245481|523245567|523245964|55-55
img/system/input/24x24-black/black_kb_key_F1_strip2.png|0|339|339|523245964|523246049|523246388|55-55
img/system/input/24x24-black/black_kb_key_F2_strip2.png|0|387|387|523246388|523246473|523246860|55-55
img/system/input/24x24-black/black_kb_key_F3_strip2.png|0|374|374|523246860|523246945|523247319|55-55
img/system/input/24x24-black/black_kb_key_F4_strip2.png|0|344|344|523247319|523247404|523247748|55-55
img/system/input/24x24-black/black_kb_key_F5_strip2.png|0|377|377|523247748|523247833|523248210|55-55
img/system/input/24x24-black/black_kb_key_F6_strip2.png|0|383|383|523248210|523248295|523248678|55-55
img/system/input/24x24-black/black_kb_key_F7_strip2.png|0|372|372|523248678|523248763|523249135|55-55
img/system/input/24x24-black/black_kb_key_F8_strip2.png|0|363|363|523249135|523249220|523249583|55-55
img/system/input/24x24-black/black_kb_key_F9_strip2.png|0|379|379|523249583|523249668|523250047|55-55
img/system/input/24x24-black/black_kb_key_f_thick_strip2.png|0|325|325|523250047|523250137|523250462|55-55
img/system/input/24x24-black/black_kb_key_f_thin_strip2.png|0|327|327|523250462|523250551|523250878|55-55
img/system/input/24x24-black/black_kb_key_g_thick_strip2.png|0|387|387|523250878|523250968|523251355|55-55
img/system/input/24x24-black/black_kb_key_g_thin_strip2.png|0|356|356|523251355|523251444|523251800|55-55
img/system/input/24x24-black/black_kb_key_h_thick_strip2.png|0|321|321|523251800|523251890|523252211|55-55
img/system/input/24x24-black/black_kb_key_h_thin_strip2.png|0|318|318|523252211|523252300|523252618|55-55
img/system/input/24x24-black/black_kb_key_i_thick_strip2.png|0|301|301|523252618|523252708|523253009|55-55
img/system/input/24x24-black/black_kb_key_i_thin_strip2.png|0|301|301|523253009|523253098|523253399|55-55
img/system/input/24x24-black/black_kb_key_j_thick_strip2.png|0|340|340|523253399|523253489|523253829|55-55
img/system/input/24x24-black/black_kb_key_j_thin_strip2.png|0|327|327|523253829|523253918|523254245|55-55
img/system/input/24x24-black/black_kb_key_k_thick_strip2.png|0|366|366|523254245|523254335|523254701|55-55
img/system/input/24x24-black/black_kb_key_k_thin_strip2.png|0|330|330|523254701|523254790|523255120|55-55
img/system/input/24x24-black/black_kb_key_l_thick_strip2.png|0|309|309|523255120|523255210|523255519|55-55
img/system/input/24x24-black/black_kb_key_l_thin_strip2.png|0|310|310|523255519|523255608|523255918|55-55
img/system/input/24x24-black/black_kb_key_minus_thick_strip2.png|0|307|307|523255918|523256012|523256319|55-55
img/system/input/24x24-black/black_kb_key_minus_thin_strip2.png|0|305|305|523256319|523256412|523256717|55-55
img/system/input/24x24-black/black_kb_key_multiply_thick_strip2.png|0|357|357|523256717|523256814|523257171|55-55
img/system/input/24x24-black/black_kb_key_multiply_thin_strip2.png|0|333|333|523257171|523257267|523257600|55-55
img/system/input/24x24-black/black_kb_key_m_thick_strip2.png|0|389|389|523257600|523257690|523258079|55-55
img/system/input/24x24-black/black_kb_key_m_thin_strip2.png|0|374|374|523258079|523258168|523258542|55-55
img/system/input/24x24-black/black_kb_key_n_thick_strip2.png|0|377|377|523258542|523258632|523259009|55-55
img/system/input/24x24-black/black_kb_key_n_thin_strip2.png|0|357|357|523259009|523259098|523259455|55-55
img/system/input/24x24-black/black_kb_key_oe_thick_strip2.png|0|389|389|523259455|523259546|523259935|55-55
img/system/input/24x24-black/black_kb_key_oe_thin_strip2.png|0|349|349|523259935|523260025|523260374|55-55
img/system/input/24x24-black/black_kb_key_o_thick_strip2.png|0|379|379|523260374|523260464|523260843|55-55
img/system/input/24x24-black/black_kb_key_o_thin_strip2.png|0|343|343|523260843|523260932|523261275|55-55
img/system/input/24x24-black/black_kb_key_plus_thick_strip2.png|0|320|320|523261275|523261368|523261688|55-55
img/system/input/24x24-black/black_kb_key_plus_thin_strip2.png|0|316|316|523261688|523261780|523262096|55-55
img/system/input/24x24-black/black_kb_key_p_thick_strip2.png|0|360|360|523262096|523262186|523262546|55-55
img/system/input/24x24-black/black_kb_key_p_thin_strip2.png|0|343|343|523262546|523262635|523262978|55-55
img/system/input/24x24-black/black_kb_key_q_thick_strip2.png|0|394|394|523262978|523263068|523263462|55-55
img/system/input/24x24-black/black_kb_key_q_thin_strip2.png|0|355|355|523263462|523263551|523263906|55-55
img/system/input/24x24-black/black_kb_key_r_thick_strip2.png|0|373|373|523263906|523263996|523264369|55-55
img/system/input/24x24-black/black_kb_key_r_thin_strip2.png|0|345|345|523264369|523264458|523264803|55-55
img/system/input/24x24-black/black_kb_key_smaller_thick_strip2.png|0|324|324|523264803|523264899|523265223|55-55
img/system/input/24x24-black/black_kb_key_smaller_thin_strip2.png|0|324|324|523265223|523265318|523265642|55-55
img/system/input/24x24-black/black_kb_key_s_thick_strip2.png|0|387|387|523265642|523265732|523266119|55-55
img/system/input/24x24-black/black_kb_key_s_thin_strip2.png|0|360|360|523266119|523266208|523266568|55-55
img/system/input/24x24-black/black_kb_key_t_thick_strip2.png|0|317|317|523266568|523266658|523266975|55-55
img/system/input/24x24-black/black_kb_key_t_thin_strip2.png|0|317|317|523266975|523267064|523267381|55-55
img/system/input/24x24-black/black_kb_key_ue_thick_strip2.png|0|356|356|523267381|523267472|523267828|55-55
img/system/input/24x24-black/black_kb_key_ue_thin_strip2.png|0|338|338|523267828|523267918|523268256|55-55
img/system/input/24x24-black/black_kb_key_u_thick_strip2.png|0|351|351|523268256|523268346|523268697|55-55
img/system/input/24x24-black/black_kb_key_u_thin_strip2.png|0|330|330|523268697|523268786|523269116|55-55
img/system/input/24x24-black/black_kb_key_v_thick_strip2.png|0|408|408|523269116|523269206|523269614|55-55
img/system/input/24x24-black/black_kb_key_v_thin_strip2.png|0|340|340|523269614|523269703|523270043|55-55
img/system/input/24x24-black/black_kb_key_w_thick_strip2.png|0|420|420|523270043|523270133|523270553|55-55
img/system/input/24x24-black/black_kb_key_w_thin_strip2.png|0|342|342|523270553|523270642|523270984|55-55
img/system/input/24x24-black/black_kb_key_x_thick_strip2.png|0|409|409|523270984|523271074|523271483|55-55
img/system/input/24x24-black/black_kb_key_x_thin_strip2.png|0|337|337|523271483|523271572|523271909|55-55
img/system/input/24x24-black/black_kb_key_y_thick_strip2.png|0|381|381|523271909|523271999|523272380|55-55
img/system/input/24x24-black/black_kb_key_y_thin_strip2.png|0|340|340|523272380|523272469|523272809|55-55
img/system/input/24x24-black/black_kb_key_z_thick_strip2.png|0|379|379|523272809|523272899|523273278|55-55
img/system/input/24x24-black/black_kb_key_z_thin_strip2.png|0|360|360|523273278|523273367|523273727|55-55
img/system/input/24x24-black/black_kb_return_strip2.png|0|351|351|523273727|523273812|523274163|55-55
img/system/input/24x24-black/black_kb_shift_strip2.png|0|371|371|523274163|523274247|523274618|55-55
img/system/input/24x24-black/black_kb_spacebar_strip2.png|0|575|575|523274618|523274705|523275280|55-55
img/system/input/24x24-black/black_kb_tabulator_strip2.png|0|356|356|523275280|523275368|523275724|55-55
img/system/input/24x24-black/black_mouse_left_strip2.png|0|342|342|523275724|523275810|523276152|55-55
img/system/input/24x24-black/black_mouse_right_strip2.png|0|335|335|523276152|523276239|523276574|55-55
img/system/input/24x24-black/black_mouse_wheel_strip2.png|0|380|380|523276574|523276661|523277041|55-55
img/system/input/24x24_all.png|0|9278|9278|523277041|523277101|523286379|55-55
img/system/input/24x24_black_all.png|0|7146|7146|523286379|523286445|523293591|55-55
img/system/input/blackLetters.png|0|1001|1001|523293591|523293654|523294655|55-55
img/system/itemCharms.png|0|105645|105645|523294655|523294710|523400355|55-55
img/system/itemConsumables.png|0|145494|145494|523400355|523400415|523545909|55-55
img/system/ItemIcons1.png|0|23186|23186|523545909|523545964|523569150|55-55
img/system/itemImportant.png|0|173303|173303|523569150|523569208|523742511|55-55
img/system/items/itemCharms.png|0|94559|94559|523742511|523742572|523837131|55-55
img/system/itemWeapon.png|0|66167|66167|523837131|523837186|523903353|55-55
img/system/itemWeapons.png|0|66167|66167|523903353|523903409|523969576|55-55
img/system/kel_aubrey.png|0|8358|8358|523969576|523969631|523977989|55-55
img/system/kel_hero.png|0|8131|8131|523977989|523978042|523986173|55-55
img/system/kel_omori.png|0|6397|6397|523986173|523986227|523992624|55-55
img/system/Loading.png|0|430|430|523992624|523992676|523993106|55-55
img/system/Loading_2.png|0|379|379|523993106|523993160|523993539|55-55
img/system/mailbox.png|0|57903|57903|523993539|523993591|524051494|55-55
img/system/mailboxLegend.png|0|58475|58475|524051494|524051552|524110027|55-55
img/system/mp_icon.png|0|351|351|524110027|524110079|524110430|55-55
img/system/name_cursor.png|0|307|307|524110430|524110486|524110793|55-55
img/system/newtagmenud.png|0|1109|1109|524110793|524110849|524111958|55-55
img/system/old_name_cursor.png|0|129|129|524111958|524112018|524112147|55-55
img/system/omori_attack_again.png|0|6742|6742|524112147|524112210|524118952|55-55
img/system/omori_release_energy.png|0|8475|8475|524118952|524119017|524127492|55-55
img/system/omori_trip.png|0|6741|6741|524127492|524127547|524134288|55-55
img/system/PartyCommands_BlackSpace.png|0|5642|5642|524134288|524134357|524139999|55-55
img/system/PartyCommands_DreamWorld.png|0|13934|13934|524139999|524140068|524154002|55-55
img/system/PartyCommands_Faraway.png|0|23540|23540|524154002|524154068|524177608|55-55
img/system/party_command.png|0|5595|5595|524177608|524177666|524183261|55-55
img/system/player_box.png|0|584|584|524183261|524183316|524183900|55-55
img/system/QTE Arrow.png|0|1661|1661|524183900|524183954|524185615|55-55
img/system/QTE Hit the mark background.png|0|948|948|524185615|524185687|524186635|55-55
img/system/QTE Smash Background.png|0|330|330|524186635|524186700|524187030|55-55
img/system/QTE_Arrow.png|0|1178|1178|524187030|524187084|524188262|55-55
img/system/QTE_OMORI_ATLAS.png|0|1756|1756|524188262|524188322|524190078|55-55
img/system/quest.png|0|1037|1037|524190078|524190128|524191165|55-55
img/system/Shadow1.png|0|391|391|524191165|524191217|524191608|55-55
img/system/Shadow2.png|0|99|99|524191608|524191660|524191759|55-55
img/system/ShiftKey.png|0|212|212|524191759|524191812|524192024|55-55
img/system/shopnumbercursor.png|0|123|123|524192024|524192085|524192208|55-55
img/system/splashBg.png|0|157|157|524192208|524192261|524192418|55-55
img/system/splashGalv.png|0|3033|3033|524192418|524192473|524195506|55-55
img/system/splashGalv2.png|0|8315|8315|524195506|524195562|524203877|55-55
img/system/statelist.png|0|41930|41930|524203877|524203931|524245861|55-55
img/system/States.png|0|95|95|524245861|524245912|524246007|55-55
img/system/storage/a_10.png|0|3288|3288|524246007|524246064|524249352|55-55
img/system/storage/a_11.png|0|3935|3935|524249352|524249409|524253344|55-55
img/system/storage/a_12.png|0|3288|3288|524253344|524253401|524256689|55-55
img/system/storage/a_13.png|0|3288|3288|524256689|524256746|524260034|55-55
img/system/storage/a_6.png|0|2329|2329|524260034|524260090|524262419|55-55
img/system/storage/a_8.png|0|2728|2728|524262419|524262475|524265203|55-55
img/system/storage/a_9.png|0|2783|2783|524265203|524265259|524268042|55-55
img/system/storage/itemCharms.png|0|79207|79207|524268042|524268105|524347312|55-55
img/system/storage/itemConsumables.png|0|128427|128427|524347312|524347380|524475807|55-55
img/system/storage/ItemIcons1.png|0|47237|47237|524475807|524475870|524523107|55-55
img/system/storage/itemImportant.png|0|16837|16837|524523107|524523173|524540010|55-55
img/system/storage/itemWeapons.png|0|55876|55876|524540010|524540074|524595950|55-55
img/system/storage/i_13.png|0|3092|3092|524595950|524596007|524599099|55-55
img/system/storage/i_14.png|0|2689|2689|524599099|524599156|524601845|55-55
img/system/storage/i_15.png|0|2552|2552|524601845|524601902|524604454|55-55
img/system/storage/i_16.png|0|3404|3404|524604454|524604511|524607915|55-55
img/system/storage/i_17.png|0|3066|3066|524607915|524607972|524611038|55-55
img/system/storage/i_18.png|0|2894|2894|524611038|524611095|524613989|55-55
img/system/storage/i_19.png|0|2943|2943|524613989|524614046|524616989|55-55
img/system/storage/i_28.png|0|3737|3737|524616989|524617046|524620783|55-55
img/system/storage/i_29.png|0|2774|2774|524620783|524620840|524623614|55-55
img/system/storage/i_30.png|0|2841|2841|524623614|524623671|524626512|55-55
img/system/storage/i_39.png|0|3147|3147|524626512|524626569|524629716|55-55
img/system/storage/i_40.png|0|2080|2080|524629716|524629773|524631853|55-55
img/system/storage/i_41.png|0|2755|2755|524631853|524631910|524634665|55-55
img/system/storage/i_42.png|0|2022|2022|524634665|524634722|524636744|55-55
img/system/storage/i_43.png|0|3059|3059|524636744|524636801|524639860|55-55
img/system/storage/i_44.png|0|3514|3514|524639860|524639917|524643431|55-55
img/system/storage/i_45.png|0|3274|3274|524643431|524643488|524646762|55-55
img/system/storage/i_46.png|0|3545|3545|524646762|524646819|524650364|55-55
img/system/storage/i_47.png|0|4894|4894|524650364|524650421|524655315|55-55
img/system/storage/i_48.png|0|4651|4651|524655315|524655372|524660023|55-55
img/system/storage/i_49.png|0|5366|5366|524660023|524660080|524665446|55-55
img/system/storage/i_58.png|0|5560|5560|524665446|524665503|524671063|55-55
img/system/storage/i_59.png|0|4676|4676|524671063|524671120|524675796|55-55
img/system/storage/i_60.png|0|2886|2886|524675796|524675853|524678739|55-55
img/system/storage/i_61.png|0|3478|3478|524678739|524678796|524682274|55-55
img/system/storage/i_62.png|0|4003|4003|524682274|524682331|524686334|55-55
img/system/storage/i_63.png|0|5903|5903|524686334|524686391|524692294|55-55
img/system/storage/i_64.png|0|5616|5616|524692294|524692351|524697967|55-55
img/system/storage/i_65.png|0|4990|4990|524697967|524698024|524703014|55-55
img/system/storage/i_67.png|0|2587|2587|524703014|524703071|524705658|55-55
img/system/storage/i_68.png|0|4923|4923|524705658|524705715|524710638|55-55
img/system/storage/i_69.png|0|4601|4601|524710638|524710695|524715296|55-55
img/system/storage/i_70.png|0|17043|17043|524715296|524715353|524732396|55-55
img/system/storage/i_71.png|0|3674|3674|524732396|524732453|524736127|55-55
img/system/storage/i_72.png|0|2373|2373|524736127|524736184|524738557|55-55
img/system/storage/i_73.png|0|2047|2047|524738557|524738614|524740661|55-55
img/system/storage/i_77.png|0|4982|4982|524740661|524740718|524745700|55-55
img/system/storage/i_78.png|0|2777|2777|524745700|524745757|524748534|55-55
img/system/storage/w_10.png|0|2497|2497|524748534|524748591|524751088|55-55
img/system/storage/w_11.png|0|2598|2598|524751088|524751145|524753743|55-55
img/system/storage/w_5.png|0|2376|2376|524753743|524753799|524756175|55-55
img/system/storage/w_6.png|0|1872|1872|524756175|524756231|524758103|55-55
img/system/storage/w_7.png|0|2267|2267|524758103|524758159|524760426|55-55
img/system/storage/w_8.png|0|2320|2320|524760426|524760482|524762802|55-55
img/system/storage/w_9.png|0|3023|3023|524762802|524762858|524765881|55-55
img/system/stressbar.png|0|546|546|524765881|524765935|524766481|55-55
img/system/StressBar_BlackSpace.png|0|14488|14488|524766481|524766546|524781034|55-55
img/system/StressBar_DreamWorld.png|0|1113|1113|524781034|524781099|524782212|55-55
img/system/StressBar_Faraway.png|0|22418|22418|524782212|524782274|524804692|55-55
img/system/tagmenu.png|0|1632|1632|524804692|524804744|524806376|55-55
img/system/TagMenu_BlackSpace.png|0|1632|1632|524806376|524806439|524808071|55-55
img/system/TagMenu_DreamWorld.png|0|1632|1632|524808071|524808134|524809766|55-55
img/system/tag_cursor.png|0|705|705|524809766|524809821|524810526|55-55
img/system/target_selected.png|0|2836|2836|524810526|524810586|524813422|55-55
img/system/target_selected_full.png|0|3178|3178|524813422|524813487|524816665|55-55
img/system/toast.png|0|169|169|524816665|524816715|524816884|55-55
img/system/toast2.png|0|3200|3200|524816884|524816935|524820135|55-55
img/system/transition-1.png|0|183016|183016|524820135|524820192|525003208|55-55
img/system/transition-2.png|0|146078|146078|525003208|525003265|525149343|55-55
img/system/transition-3.png|0|161827|161827|525149343|525149400|525311227|55-55
img/system/transition-4.png|0|21599|21599|525311227|525311284|525332883|55-55
img/system/Weapons1.png|0|95|95|525332883|525332936|525333031|55-55
img/system/Weapons2.png|0|95|95|525333031|525333084|525333179|55-55
img/system/Weapons3.png|0|95|95|525333179|525333232|525333327|55-55
img/system/window.png|0|479|479|525333327|525333378|525333857|55-55
img/system/Window_Battle.png|0|429|429|525333857|525333915|525334344|55-55
img/system/Window_BlackSpace.png|0|439|439|525334344|525334406|525334845|55-55
img/system/Window_DreamWorld.png|0|424|424|525334845|525334907|525335331|55-55
img/system/Window_Faraway.png|0|443|443|525335331|525335390|525335833|55-55
img/tilesets/bs_beach.png|0|71271|71271|525335833|525335888|525407159|55-55
img/tilesets/bs_blackspace.png|0|83312|83312|525407159|525407219|525490531|55-55
img/tilesets/bs_blackspace_2.png|0|243205|243205|525490531|525490593|525733798|55-55
img/tilesets/bs_blackspace_3.png|0|147301|147301|525733798|525733860|525881161|55-55
img/tilesets/bs_faraway_exterior.png|0|138671|138671|525881161|525881227|526019898|55-55
img/tilesets/bs_fa_objects.png|0|137203|137203|526019898|526019958|526157161|55-55
img/tilesets/bs_fa_objects_hallucination.png|0|55713|55713|526157161|526157235|526212948|55-55
img/tilesets/bs_hallucination_interior.png|0|106282|106282|526212948|526213020|526319302|55-55
img/tilesets/bs_hallucination_vastforest.png|0|73355|73355|526319302|526319376|526392731|55-55
img/tilesets/bs_hospital_hallucination.png|0|25220|25220|526392731|526392803|526418023|55-55
img/tilesets/bs_light.png|0|34957|34957|526418023|526418078|526453035|55-55
img/tilesets/bs_objects_night.png|0|75932|75932|526453035|526453098|526529030|55-55
img/tilesets/bs_objects_sunset.png|0|138598|138598|526529030|526529094|526667692|55-55
img/tilesets/bs_redspace01.png|0|237398|237398|526667692|526667752|526905150|55-55
img/tilesets/bs_redspace02.png|0|136398|136398|526905150|526905210|527041608|55-55
img/tilesets/bs_redspace03.png|0|87075|87075|527041608|527041668|527128743|55-55
img/tilesets/bs_spill.png|0|38614|38614|527128743|527128798|527167412|55-55
img/tilesets/bs_stage.png|0|42789|42789|527167412|527167467|527210256|55-55
img/tilesets/bs_static.png|0|36744|36744|527210256|527210312|527247056|55-55
img/tilesets/bs_sway.png|0|2335|2335|527247056|527247110|527249445|55-55
img/tilesets/bs_treehouse.png|0|48967|48967|527249445|527249504|527298471|55-55
img/tilesets/bs_treehouse_hallucination.png|0|49056|49056|527298471|527298544|527347600|55-55
img/tilesets/bs_upperhouses.png|0|115186|115186|527347600|527347661|527462847|55-55
img/tilesets/bs_vastforest.png|0|48682|48682|527462847|527462907|527511589|55-55
img/tilesets/dw_abyss.png|0|52019|52019|527511589|527511644|527563663|55-55
img/tilesets/dw_backdrop_1.png|0|348169|348169|527563663|527563723|527911892|55-55
img/tilesets/dw_backdrop_2.png|0|349652|349652|527911892|527911952|528261604|55-55
img/tilesets/dw_beach.png|0|49832|49832|528261604|528261659|528311491|55-55
img/tilesets/dw_beachpiece.png|0|75876|75876|528311491|528311551|528387427|55-55
img/tilesets/dw_cattailfield.png|0|84277|84277|528387427|528387489|528471766|55-55
img/tilesets/dw_deadforest.png|0|71132|71132|528471766|528471826|528542958|55-56
img/tilesets/dw_deadforest2.png|0|45974|45974|528542958|528543019|528588993|56-56
img/tilesets/dw_deepwell.png|0|95006|95006|528588993|528589051|528684057|56-56
img/tilesets/dw_deepwellship.png|0|83866|83866|528684057|528684119|528767985|56-56
img/tilesets/dw_doughdungeon.png|0|97913|97913|528767985|528768047|528865960|56-56
img/tilesets/dw_doughdungeon2.png|0|102845|102845|528865960|528866023|528968868|56-56
img/tilesets/dw_ghostpuddle.png|0|2006|2006|528968868|528968929|528970935|56-56
img/tilesets/dw_hiddenlibrary.png|0|44093|44093|528970935|528970998|529015091|56-56
img/tilesets/dw_interior.png|0|88176|88176|529015091|529015149|529103325|56-56
img/tilesets/dw_lastresort.png|0|83214|83214|529103325|529103385|529186599|56-56
img/tilesets/dw_lastresort_sign.png|0|5378|5378|529186599|529186664|529192042|56-56
img/tilesets/dw_neighborsroom.png|0|16863|16863|529192042|529192105|529208968|56-56
img/tilesets/dw_neighborsroom_stairs.png|0|2110|2110|529208968|529209038|529211148|56-56
img/tilesets/dw_northlake.png|0|71596|71596|529211148|529211207|529282803|56-56
img/tilesets/dw_orange.png|0|52259|52259|529282803|529282859|529335118|56-56
img/tilesets/dw_otherworld.png|0|89345|89345|529335118|529335178|529424523|56-56
img/tilesets/dw_pyreflyforest.png|0|74806|74806|529424523|529424586|529499392|56-56
img/tilesets/dw_raintown.png|0|30508|30508|529499392|529499450|529529958|56-56
img/tilesets/dw_raintown2.png|0|51443|51443|529529958|529530017|529581460|56-56
img/tilesets/dw_raintown3.png|0|51525|51525|529581460|529581519|529633044|56-56
img/tilesets/dw_seaweed.png|0|2601|2601|529633044|529633101|529635702|56-56
img/tilesets/dw_sg_cage.png|0|319|319|529635702|529635759|529636078|56-56
img/tilesets/dw_slimegirllairtiles.png|0|84599|84599|529636078|529636146|529720745|56-56
img/tilesets/dw_slimegirllairtiles2.png|0|64919|64919|529720745|529720814|529785733|56-56
img/tilesets/dw_smallwaves.png|0|2459|2459|529785733|529785793|529788252|56-56
img/tilesets/dw_snowforest.png|0|91334|91334|529788252|529788312|529879646|56-56
img/tilesets/dw_sproutmolecolony.png|0|77380|77380|529879646|529879712|529957092|56-56
img/tilesets/dw_sprout_mole_town.png|0|82981|82981|529957092|529957158|530040139|56-56
img/tilesets/dw_sweetheartcastle.png|0|119043|119043|530040139|530040205|530159248|56-56
img/tilesets/dw_sweetheartcastlehedges.png|0|102143|102143|530159248|530159320|530261463|56-56
img/tilesets/dw_sweetheartcastlepaintings.png|0|93387|93387|530261463|530261538|530354925|56-56
img/tilesets/dw_sweetheartstage.png|0|90720|90720|530354925|530354990|530445710|56-56
img/tilesets/dw_swfountain.png|0|2699|2699|530445710|530445770|530448469|56-56
img/tilesets/dw_traininterior.png|0|84891|84891|530448469|530448532|530533423|56-56
img/tilesets/dw_treestump_anim.png|0|607|607|530533423|530533487|530534094|56-56
img/tilesets/dw_underwater_anim.png|0|4957|4957|530534094|530534159|530539116|56-56
img/tilesets/dw_uw_anim.png|0|3315|3315|530539116|530539173|530542488|56-56
img/tilesets/dw_vastforest.png|0|74183|74183|530542488|530542548|530616731|56-56
img/tilesets/dw_vastforestpinwheel.png|0|1503|1503|530616731|530616799|530618302|56-56
img/tilesets/dw_vastforest_after.png|0|110135|110135|530618302|530618368|530728503|56-56
img/tilesets/dw_wave3.png|0|5066|5066|530728503|530728558|530733624|56-56
img/tilesets/dw_wave4.png|0|3456|3456|530733624|530733679|530737135|56-56
img/tilesets/dw_waves.png|0|7917|7917|530737135|530737190|530745107|56-56
img/tilesets/fa_beach.png|0|25410|25410|530745107|530745162|530770572|56-56
img/tilesets/fa_cars.png|0|27388|27388|530770572|530770626|530798014|56-56
img/tilesets/fa_cars_night.png|0|58768|58768|530798014|530798074|530856842|56-56
img/tilesets/fa_cars_sunset.png|0|56929|56929|530856842|530856903|530913832|56-56
img/tilesets/fa_churchinterior.png|0|56990|56990|530913832|530913896|530970886|56-56
img/tilesets/fa_downhouses.png|0|42329|42329|530970886|530970946|531013275|56-56
img/tilesets/fa_downhousesbackup.png|0|28479|28479|531013275|531013341|531041820|56-56
img/tilesets/fa_downhouses_night.png|0|56555|56555|531041820|531041886|531098441|56-56
img/tilesets/fa_downhouses_sunset.png|0|44209|44209|531098441|531098508|531142717|56-56
img/tilesets/fa_hallucination.png|0|81137|81137|531142717|531142780|531223917|56-56
img/tilesets/fa_hallucination2.png|0|130281|130281|531223917|531223981|531354262|56-56
img/tilesets/fa_hospitalinterior.png|0|21974|21974|531354262|531354328|531376302|56-56
img/tilesets/fa_interior2fan.png|0|2245|2245|531376302|531376364|531378609|56-56
img/tilesets/fa_interior2fandark.png|0|77447|77447|531378609|531378675|531456122|56-56
img/tilesets/fa_interiortileset.png|0|111657|111657|531456122|531456187|531567844|56-56
img/tilesets/fa_interiortileset2.png|0|101954|101954|531567844|531567910|531669864|56-56
img/tilesets/fa_minigame_downhouses.png|0|34415|34415|531669864|531669933|531704348|56-56
img/tilesets/fa_minigame_upperhouses.png|0|47330|47330|531704348|531704418|531751748|56-56
img/tilesets/fa_nightinterior2.png|0|90720|90720|531751748|531751812|531842532|56-56
img/tilesets/fa_night_interior.png|0|106870|106870|531842532|531842596|531949466|56-56
img/tilesets/fa_night_shop.png|0|91482|91482|531949466|531949526|532041008|56-56
img/tilesets/fa_objects.png|0|78762|78762|532041008|532041065|532119827|56-56
img/tilesets/fa_objects_night.png|0|80115|80115|532119827|532119890|532200005|56-56
img/tilesets/fa_objects_rainy.png|0|79435|79435|532200005|532200068|532279503|56-56
img/tilesets/fa_objects_sunset.png|0|75958|75958|532279503|532279567|532355525|56-56
img/tilesets/fa_shopinterior.png|0|96249|96249|532355525|532355587|532451836|56-56
img/tilesets/fa_sunsetinterior2.png|0|101307|101307|532451836|532451901|532553208|56-56
img/tilesets/fa_sunset_interior.png|0|119143|119143|532553208|532553273|532672416|56-56
img/tilesets/fa_sunset_shop.png|0|95015|95015|532672416|532672477|532767492|56-56
img/tilesets/fa_treehouse.png|0|78291|78291|532767492|532767551|532845842|56-56
img/tilesets/fa_treehousecombined.png|0|31705|31705|532845842|532845909|532877614|56-56
img/tilesets/fa_treehousenight.png|0|28377|28377|532877614|532877678|532906055|56-56
img/tilesets/fa_upperhouses.png|0|46188|46188|532906055|532906116|532952304|56-56
img/tilesets/fa_upperhouses2.png|0|33521|33521|532952304|532952366|532985887|56-56
img/tilesets/fa_upperhouses_night.png|0|70585|70585|532985887|532985954|533056539|56-56
img/tilesets/fa_upperhouses_rain.png|0|67302|67302|533056539|533056605|533123907|56-56
img/tilesets/fa_upperhouses_sunset.png|0|50598|50598|533123907|533123975|533174573|56-56
img/tilesets/general_use.png|0|92826|92826|533174573|533174631|533267457|56-56
img/tilesets/hallucination_hands.png|0|2204|2204|533267457|533267523|533269727|56-56
img/tilesets/moon.png|0|114177|114177|533269727|533269778|533383955|56-56
img/tilesets/ocean_dw_doughdungeon.png|0|122759|122759|533383955|533384023|533506782|56-56
img/tilesets/ocean_dw_raintown.png|0|51361|51361|533506782|533506846|533558207|56-56
img/tilesets/sgl_test.png|0|50106|50106|533558207|533558262|533608368|56-56
img/tilesets/terrain.png|0|70961|70961|533608368|533608422|533679383|56-56
img/tilesets/tile_collision_32x32.png|0|18719|18719|533679383|533679450|533698169|56-56
img/tilesets/tile_flags_32x32.png|0|3503|3503|533698169|533698232|533701735|56-56
img/tilesets/tile_region_32x32.png|0|26883|26883|533701735|533701799|533728682|56-56
img/tilesets/waves.png|0|2181|2181|533728682|533728734|533730915|56-56
img/tilesets/whitespace.png|0|518|518|533730915|533730972|533731490|56-56
img/transition/clouds.png|0|82844|82844|533731490|533731545|533814389|56-56
img/transition/crumped_paper.png|0|301407|301407|533814389|533814451|534115858|56-56
img/transition/galaxy.png|0|125249|125249|534115858|534115913|534241162|56-56
img/transition/galaxy_2.png|0|116153|116153|534241162|534241219|534357372|56-56
img/transition/galaxy_3.png|0|74350|74350|534357372|534357429|534431779|56-56
img/transition/glitch.png|0|199506|199506|534431779|534431834|534631340|56-56
img/transition/gravel.png|0|186163|186163|534631340|534631395|534817558|56-56
img/transition/old_paper.png|0|225966|225966|534817558|534817616|535043582|56-56
img/transition/speedlines_1.png|0|40854|40854|535043582|535043643|535084497|56-56
img/transition/speedlines_2.png|0|27840|27840|535084497|535084558|535112398|56-56
img/transition/starburst_1.png|0|92138|92138|535112398|535112458|535204596|56-56
img/transition/starburst_2.png|0|96524|96524|535204596|535204656|535301180|56-56
img/transition/starburst_3.png|0|111693|111693|535301180|535301240|535412933|56-56
img/transition/static.png|0|408149|408149|535412933|535412988|535821137|56-56
img/transition/tree.png|0|143757|143757|535821137|535821190|535964947|56-56
